,동,0~4세,5~9세,10~14세,15~19세,20~29세,30~39세,40~49세,50~59세,60~69세,70~79세,80~89세,90~99세,100세 이상+
1,사직동,0.081948181,0.100257728,0.092633625,0.08194125,0.165413727,0.193116561,0.196235361,0.199782385,0.193366148,0.227074348,0.351489806,0.439483039,0.28981086
2,삼청동,0.019462693,0.022340037,0.032568594,0.026395641,0.045777019,0.054905981,0.054232958,0.057049332,0.072382333,0.085815806,0.120905933,0.148105131,0.122025625
3,부암동,0.07682642,0.09889553,0.117994415,0.114534128,0.200845742,0.176426087,0.212264941,0.217922564,0.206657513,0.231643573,0.291615127,0.412084399,0.167785235
4,평창동,0.170725378,0.19288715,0.19140723,0.217591891,0.332030374,0.294868109,0.355399818,0.423101956,0.397153227,0.408055481,0.586422692,0.814504091,0.381330079
5,무악동,0.100386522,0.118783612,0.129206554,0.124174275,0.125653866,0.126678928,0.198377157,0.177471573,0.160592769,0.187447657,0.221355727,0.238472629,0.259304454
6,교남동,0.151262685,0.126411918,0.116659637,0.09984438,0.170469985,0.237340093,0.236065648,0.204663894,0.184236514,0.21161931,0.230198397,0.262235527,0.228798048
7,가회동,0.02731606,0.037596648,0.045382467,0.040855861,0.065368085,0.077569764,0.099929444,0.091000781,0.098225539,0.129834614,0.130375056,0.169725417,0.152532032
8,종로1.2.3.4가동,0.043364246,0.040321043,0.032034683,0.04016728,0.1423565,0.156048713,0.15627739,0.199570934,0.238124061,0.24872401,0.28065212,0.534534632,0.594874924
9,종로5·6가동,0.020487045,0.017981006,0.024826879,0.041314916,0.17726219,0.098689737,0.084076506,0.128012411,0.129590094,0.155527551,0.146554505,0.199665539,0.137278829
10,이화동,0.042681344,0.04195568,0.054192005,0.069317248,0.268377923,0.176871229,0.13438369,0.145433637,0.151215434,0.177706004,0.230499545,0.259146915,0.198291641
11,창신1동,0.025950257,0.02588175,0.025894702,0.040855861,0.123458956,0.08294816,0.095097173,0.171735282,0.168840517,0.162313213,0.146506339,0.234039145,0.137278829
12,창신2동,0.044047148,0.042772998,0.053391138,0.085154633,0.21937338,0.141116168,0.163291607,0.266011775,0.22791381,0.240907937,0.22586139,0.219542084,0.198291641
13,창신3동,0.073411913,0.053670577,0.070209347,0.067710557,0.136524849,0.131616093,0.127279737,0.164580498,0.160093783,0.158441673,0.179395213,0.257802044,0.167785235
14,숭인1동,0.045754401,0.053125698,0.049653758,0.048889317,0.11872051,0.119345754,0.128307056,0.153119579,0.145309276,0.155067801,0.164119355,0.18731109,0.137278829
15,숭인2동,0.048827458,0.043862756,0.039776398,0.055775137,0.266412805,0.20796577,0.166176722,0.223902941,0.221097815,0.219091913,0.224066357,0.249482207,0.274557657
16,청운효자동,0.123263723,0.141940968,0.15857168,0.145290788,0.22136724,0.228954957,0.282303952,0.255768828,0.224981986,0.298902367,0.374006112,0.429670072,0.28981086
17,혜화동,0.088435746,0.126411918,0.154300389,0.241692259,0.954525051,0.3011616,0.292178554,0.294038892,0.258763848,0.363866359,0.464288008,0.444315393,0.33557047
18,소공동,0.032779273,0.048766666,0.029365126,0.022493677,0.03412926,0.085224662,0.088671658,0.056230281,0.048125425,0.034570543,0.035960969,0.057737633,0.091519219
19,회현동,0.033803625,0.038413966,0.032034683,0.030068078,0.073157392,0.087268144,0.101178337,0.140847768,0.186074097,0.171711397,0.221030423,0.439881909,0.655887736
20,명동,0.015023833,0.025064432,0.021623411,0.025477532,0.06175739,0.07150721,0.071585373,0.080754243,0.095846929,0.100226848,0.112978861,0.141927906,0.137278829
21,필동,0.032437822,0.0310581,0.020021677,0.033740515,0.17479113,0.093240453,0.065459529,0.081677062,0.10007005,0.103184259,0.142940284,0.257403173,0.137278829
22,장충동,0.03619378,0.030240782,0.034971195,0.056693246,0.230362161,0.098532601,0.084004893,0.082931417,0.086242912,0.109938798,0.126279026,0.154282355,0.04575961
23,광희동,0.032096371,0.028333706,0.026962525,0.035576733,0.172595184,0.139209011,0.100954561,0.136321697,0.151037959,0.156410556,0.153312998,0.175902641,0.228798048
24,을지로동,0.009560621,0.008173184,0.005873025,0.005279128,0.035133133,0.041203888,0.026777385,0.046039789,0.067683155,0.057600878,0.054188434,0.096544722,0.152532032
25,신당5동,0.099020719,0.09371918,0.0656711,0.081252668,0.228268745,0.239886244,0.206779337,0.245438591,0.214278239,0.242073586,0.246558506,0.216453472,0.183038438
26,황학동,0.163213461,0.099985288,0.067005878,0.073219212,0.30619671,0.399087926,0.249069588,0.25179431,0.255280251,0.256465669,0.263966706,0.25431456,0.122025625
27,중림동,0.210675116,0.127501676,0.094235359,0.097778635,0.201905784,0.311244768,0.267427045,0.259280548,0.234466571,0.267459549,0.311264153,0.382543147,0.472849298
28,신당동,0.062144038,0.040048603,0.036305974,0.0521027,0.242473235,0.198862303,0.161304301,0.219532603,0.178272314,0.191104174,0.190201569,0.264925268,0.122025625
29,다산동,0.096972015,0.091267225,0.100108384,0.121879002,0.343927891,0.30964543,0.274852947,0.305651792,0.313877487,0.362019143,0.35551366,0.359726249,0.198291641
30,약수동,0.184383408,0.177630539,0.132676978,0.123944748,0.272881809,0.328149906,0.324215812,0.369488314,0.42531891,0.473625208,0.57696572,0.667892089,0.137278829
31,청구동,0.130434189,0.116876536,0.108917922,0.121879002,0.269679296,0.294291012,0.258946394,0.304053908,0.307966074,0.339472889,0.449445793,0.479087869,0.122025625
32,동화동,0.125653878,0.115241899,0.107583143,0.109943582,0.198559773,0.182270524,0.212327743,0.251482761,0.224096518,0.22208582,0.310228068,0.304131228,0.213544844
33,후암동,0.164237814,0.159104655,0.157503858,0.173752175,0.345222148,0.383920449,0.363801998,0.382171608,0.367055369,0.388588292,0.430194394,0.735545042,0.442342892
34,용산2가동,0.081948181,0.067292551,0.073412815,0.086072742,0.246403401,0.291553465,0.212222588,0.204076772,0.243383616,0.268281727,0.330322886,0.431960944,0.33557047
35,남영동,0.041998443,0.033237616,0.030165993,0.040626334,0.138896421,0.149815119,0.154274165,0.227618037,0.220335361,0.201029727,0.208718177,0.382942018,0.503355705
36,원효로2동,0.147506727,0.146572439,0.154300389,0.167554937,0.250249346,0.274907156,0.303736509,0.297198763,0.277522102,0.298857657,0.407473272,0.375967051,0.198291641
37,효창동,0.140336261,0.105161638,0.093434492,0.103516817,0.211157236,0.244999445,0.2010429,0.199322852,0.165441239,0.185674853,0.245221272,0.286944425,0.198291641
38,용문동,0.137604655,0.110337988,0.103044897,0.114304601,0.243366426,0.268454446,0.239825794,0.254538619,0.248852412,0.274919986,0.267990559,0.325751514,0.213544844
39,이촌1동,0.42476474,0.478676162,0.43300213,0.333503184,0.40359601,0.507492573,0.667849692,0.579512503,0.483497897,0.546068595,0.918480293,1.09541955,0.518608908
40,이촌2동,0.110971496,0.068109869,0.066738923,0.062660956,0.132857293,0.198399802,0.158696954,0.179125502,0.2143327,0.224816041,0.279519702,0.296210262,0.228798048
41,이태원1동,0.061119685,0.050401303,0.048852891,0.052561754,0.221509011,0.233576309,0.165275006,0.165143881,0.179869357,0.189123138,0.284989127,0.401074821,0.33557047
42,이태원2동,0.096630564,0.086908193,0.074480638,0.075514485,0.209921845,0.277503383,0.218995281,0.183471772,0.199470803,0.256135785,0.314601235,0.403764562,0.213544844
43,서빙고동,0.117800511,0.155018063,0.193809831,0.20749269,0.248450459,0.217046511,0.340704085,0.296926861,0.230935442,0.241828859,0.455493505,0.382691406,0.091519219
44,보광동,0.093898958,0.086635754,0.091298846,0.116829402,0.353352274,0.348581267,0.30782779,0.340210594,0.327114392,0.36352684,0.4266645,0.595759747,0.33557047
45,청파동,0.114386003,0.113334823,0.130007421,0.175129339,0.584453972,0.43172519,0.362018145,0.404118823,0.388276551,0.452768022,0.482382978,0.5605884,0.533862111
46,원효로1동,0.259502575,0.193432029,0.119062238,0.106959727,0.321701882,0.501107666,0.350787541,0.287887038,0.267898737,0.244417049,0.273387663,0.435847297,0.274557657
47,한강로동,0.204870454,0.149296834,0.136414358,0.127617185,0.376325556,0.517744069,0.376857478,0.413310792,0.376321874,0.392864129,0.468805674,0.738234784,0.640634533
48,한남동,0.241405684,0.209233519,0.179394224,0.169620683,0.400962035,0.621980872,0.506377807,0.464863346,0.463251757,0.477729309,0.520271473,0.796918417,0.503355705
49,왕십리2동,0.218869935,0.168640037,0.147359541,0.163423446,0.344780803,0.395558704,0.346628679,0.360747639,0.338215132,0.339962343,0.328202549,0.345080929,0.305064063
50,마장동,0.208967863,0.179537616,0.200483724,0.229756839,0.622103904,0.43640661,0.403527007,0.48953105,0.478236669,0.499784689,0.52186169,0.381346535,0.274557657
51,사근동,0.076484969,0.060209125,0.062734587,0.163423446,0.776983185,0.231654248,0.147004708,0.165814784,0.153506144,0.220264354,0.196393926,0.150794873,0.183038438
52,행당1동,0.164237814,0.150114152,0.120930928,0.138864023,0.326200726,0.314010036,0.284513081,0.303338789,0.271032638,0.283546072,0.290988674,0.363612602,0.122025625
53,행당2동,0.306281328,0.272167038,0.285375633,0.263497354,0.404666554,0.490665689,0.533624899,0.497540208,0.438773658,0.499170741,0.507453263,0.461103325,0.33557047
54,응봉동,0.177895844,0.188255679,0.246667058,0.185687595,0.236923193,0.296904682,0.377871082,0.308012436,0.275003037,0.345975908,0.369295633,0.316086806,0.122025625
55,금호1가동,0.236966825,0.179265176,0.134545668,0.139323078,0.244939598,0.369044975,0.333479682,0.302264071,0.329359477,0.316428968,0.35911573,0.211222247,0.183038438
56,금호4가동,0.250283404,0.184986405,0.14308825,0.104205399,0.20620185,0.364729445,0.336796681,0.274037085,0.288782643,0.305962459,0.325576247,0.273245105,0.137278829
57,성수1가1동,0.190870973,0.141940968,0.137482181,0.15538999,0.342625827,0.394324255,0.316053077,0.391079845,0.33260923,0.265655621,0.282435147,0.202355282,0.137278829
58,성수1가2동,0.139653359,0.113062383,0.116926593,0.124174275,0.297865877,0.341087959,0.277679914,0.276342094,0.272487085,0.256508958,0.255895135,0.232295404,0.213544844
59,성수2가1동,0.156042995,0.128591433,0.108917922,0.127617185,0.321317744,0.359851178,0.321086722,0.429074664,0.421508312,0.358066397,0.352525892,0.342938316,0.213544844
60,성수2가3동,0.109605693,0.080369646,0.066205011,0.071612521,0.274209229,0.26924712,0.197452914,0.242894068,0.240901339,0.241551587,0.248221045,0.171070288,0.152532032
61,송정동,0.096289113,0.083094041,0.069942391,0.08790896,0.236610424,0.228232629,0.213749,0.268097009,0.257196662,0.216011427,0.221777364,0.18825709,0.122025625
62,용답동,0.077167871,0.080914525,0.075014549,0.117058929,0.307021226,0.238759398,0.243981954,0.314991581,0.26958512,0.298073395,0.295771474,0.153883485,0.061012813
63,왕십리도선동,0.414862669,0.340004468,0.206089793,0.206804108,0.598650655,0.638641626,0.522060584,0.573964332,0.478805647,0.469429156,0.50103208,0.541258986,0.33557047
64,금호2.3가동,0.349987025,0.206781563,0.175656844,0.206804108,0.399646153,0.555437634,0.486916887,0.474846221,0.479991606,0.510098421,0.531704284,0.512663734,0.411836486
65,옥수동,0.471202043,0.361527187,0.225577559,0.199459234,0.399889487,0.685000882,0.575476906,0.50458739,0.503556286,0.498636578,0.541293894,0.597800007,0.411836486
66,화양동,0.071704659,0.066747672,0.067806745,0.153324244,1.499662716,0.605095833,0.291684117,0.28489481,0.280519131,0.29888878,0.276700735,0.335416222,0.350823673
67,군자동,0.157067348,0.153110986,0.134278712,0.172145484,0.729547943,0.521125062,0.344336923,0.38622232,0.382475734,0.394503114,0.368741502,0.310308452,0.152532032
68,중곡1동,0.156725897,0.105161638,0.085959732,0.108107364,0.358424423,0.397670076,0.290728411,0.340681956,0.335074068,0.329483668,0.26953261,0.25526056,0.137278829
69,중곡2동,0.193602579,0.196156424,0.183932471,0.175588393,0.514626286,0.528406705,0.392410246,0.467927445,0.442950922,0.423108753,0.342864104,0.373824439,0.137278829
70,중곡3동,0.127361132,0.118238733,0.117460504,0.138634496,0.353165456,0.364542961,0.309049874,0.386202415,0.380132237,0.372305703,0.325769058,0.259694044,0.213544844
71,중곡4동,0.274867859,0.231845995,0.221573223,0.28851583,0.601100437,0.60437222,0.553390021,0.688933767,0.687740013,0.650402075,0.544257507,0.536825502,0.427089689
72,능동,0.115410356,0.078735009,0.062467632,0.076203067,0.319944587,0.362824656,0.211161851,0.19092595,0.202776923,0.212661885,0.208332701,0.278077458,0.061012813
73,구의1동,0.167993772,0.132133147,0.135079579,0.174440757,0.634092412,0.579413035,0.421945187,0.436927842,0.395048595,0.410832944,0.394679218,0.310308452,0.213544844
74,구의2동,0.300818116,0.287423649,0.296320817,0.313534307,0.49880572,0.527734537,0.573786446,0.57668482,0.551701059,0.543923729,0.509537438,0.520037571,0.366076876
75,구의3동,0.328134176,0.275708751,0.307799911,0.332814602,0.632291866,0.620755787,0.591499132,0.620730906,0.550014441,0.478157936,0.537848328,0.522875571,0.167785235
76,광장동,0.345889616,0.666114523,0.814481812,0.588967081,0.554577182,0.526928044,0.985390983,0.673385263,0.475766576,0.426594955,0.600710776,0.654192769,0.167785235
77,자양1동,0.177554393,0.168095158,0.186602028,0.197623015,0.578305474,0.520991736,0.457599114,0.50211849,0.458691124,0.44209186,0.405533741,0.348716671,0.213544844
78,자양2동,0.27555076,0.265083612,0.235721875,0.253398152,0.51927305,0.54402886,0.536505607,0.560833741,0.575622363,0.479023404,0.432784534,0.45358123,0.183038438
79,자양3동,0.370132619,0.369972811,0.339834594,0.320420127,0.534692621,0.57827791,0.593627836,0.596926306,0.566525936,0.46014046,0.63874377,0.554559435,0.198291641
80,자양4동,0.158774602,0.128863873,0.109451833,0.137257332,0.481704369,0.425103981,0.397085573,0.573521524,0.543879929,0.472917888,0.438952735,0.386577759,0.244051251
81,회기동,0.061802587,0.082004283,0.080887574,0.117517983,0.6843224,0.208497702,0.173815759,0.155859891,0.158669195,0.204104839,0.247305448,0.277279717,0.167785235
82,휘경1동,0.152628488,0.099440409,0.082756264,0.134273477,0.600987477,0.300128996,0.225694033,0.259739674,0.252523995,0.287447315,0.300951756,0.313397065,0.137278829
83,휘경2동,0.199065791,0.2084162,0.254942685,0.280941429,0.752649249,0.408471034,0.457003555,0.453214389,0.477714989,0.52012809,0.48947878,0.515752346,0.183038438
84,청량리동,0.125312427,0.147934636,0.140685649,0.159980536,0.345025864,0.331179913,0.353358646,0.49033036,0.625720805,0.719920597,0.75302385,0.655138769,0.472849298
85,용신동,0.233893768,0.193976908,0.170317731,0.199688761,0.833817174,0.715295582,0.560283662,0.631813056,0.665566716,0.746950918,0.812657698,0.934264582,0.366076876
86,제기동,0.179261647,0.160739292,0.163376883,0.212083236,0.77076159,0.46438635,0.412029937,0.50396421,0.636245403,0.747790634,0.839884336,0.783219097,0.381330079
87,전농1동,0.333938839,0.270532401,0.231183628,0.269235536,0.635806112,0.588210766,0.5685693,0.638412206,0.676013925,0.736890126,0.798321448,0.73340243,0.655887736
88,전농2동,0.183359056,0.211685474,0.22424278,0.222641492,0.342647521,0.317308322,0.396000232,0.417980523,0.433336629,0.47099515,0.511199978,0.354893896,0.167785235
89,답십리2동,0.322670964,0.26099702,0.253874862,0.269006009,0.534266822,0.593285254,0.570769369,0.643765159,0.672541074,0.721006461,0.713015017,0.543150986,0.320317267
90,장안1동,0.439788574,0.37569404,0.340902417,0.323403982,0.694730895,0.847659898,0.825479425,0.783062686,0.86895513,0.809542854,0.673379656,0.770864648,0.366076876
91,장안2동,0.46539738,0.450887335,0.394293555,0.327305946,0.524523935,0.69115468,0.742204133,0.637413274,0.681927246,0.643770611,0.548184882,0.581809816,0.259304454
92,이문1동,0.115410356,0.117966294,0.148160408,0.211394654,0.90905935,0.325456896,0.331453806,0.339934775,0.35836477,0.442780221,0.491309975,0.450093746,0.533862111
93,이문2동,0.195651283,0.217134264,0.240794033,0.234576912,0.408213273,0.345055043,0.420355849,0.439220613,0.44334122,0.519956356,0.501911515,0.426330848,0.122025625
94,답십리1동,0.48349427,0.379235753,0.25707833,0.244676114,0.539539676,0.714936316,0.599498938,0.554709624,0.515001233,0.53423753,0.561111575,0.544746469,0.472849298
95,면목2동,0.221942991,0.201332774,0.206356749,0.213001345,0.459630358,0.458426946,0.492552327,0.638995412,0.582861863,0.587876338,0.543510565,0.5205847,0.183038438
96,면목4동,0.183359056,0.1670054,0.151363877,0.160898645,0.336523413,0.370166825,0.388162397,0.42725252,0.465321276,0.5163485,0.35588713,0.467132291,0.152532032
97,면목5동,0.089801549,0.071924022,0.07741715,0.083318414,0.165226563,0.187532409,0.183101658,0.229012054,0.225805831,0.227392066,0.184973121,0.118165008,0.061012813
98,면목7동,0.22569895,0.168367597,0.156169079,0.171227374,0.40983377,0.462391946,0.413171472,0.511462521,0.561526502,0.54220638,0.491117164,0.411286658,0.183038438
99,상봉1동,0.30696423,0.287151209,0.248535748,0.257300116,0.483895893,0.486762127,0.463933066,0.57256648,0.516392382,0.462912551,0.458216285,0.395444725,0.030506406
100,상봉2동,0.162872011,0.097805772,0.092633625,0.121879002,0.508164053,0.537968219,0.335041713,0.403923197,0.394307397,0.384133927,0.326359351,0.355691637,0.167785235
101,중화1동,0.228089105,0.185531284,0.173254243,0.173522647,0.389797628,0.433994326,0.367052038,0.441006944,0.488088389,0.428359545,0.400232971,0.298501132,0.076266016
102,중화2동,0.201114495,0.153928305,0.134278712,0.180637994,0.514280079,0.502299948,0.471573932,0.662696571,0.661822998,0.65531224,0.613035173,0.380947664,0.259304454
103,묵1동,0.376278733,0.397216758,0.404971783,0.392491703,0.653174841,0.66997955,0.757409848,0.710853247,0.743080569,0.730200365,0.699558348,0.568657625,0.33557047
104,묵2동,0.198041438,0.162646368,0.161508193,0.154242353,0.370002816,0.413940674,0.376201568,0.408349498,0.476485315,0.436692243,0.364645473,0.297555132,0.183038438
105,망우3동,0.140677711,0.13540242,0.138816959,0.170997847,0.32535797,0.301119518,0.318707308,0.430811883,0.43498599,0.417065485,0.407931071,0.345229188,0.228798048
106,신내1동,0.465738831,0.612171506,0.536580938,0.424395999,0.669517726,0.701143065,0.777882667,0.848521238,0.8751035,0.809555019,0.901879353,1.0411694,0.259304454
107,신내2동,0.227747654,0.214954748,0.222641046,0.222871019,0.351182445,0.391886706,0.418905707,0.458947174,0.517028709,0.464378381,0.551317148,0.437340427,0.091519219
108,면목본동,0.302866821,0.251734077,0.237590565,0.286909139,0.715456138,0.73637747,0.673098052,0.832825485,0.788913376,0.804758606,0.692474551,0.60074036,0.396583282
109,면목3.8동,0.213748173,0.176268342,0.176991623,0.221034801,0.516913638,0.499774609,0.469734135,0.604744243,0.639219268,0.655623165,0.593976438,0.482723611,0.152532032
110,망우본동,0.255746616,0.219313779,0.228247116,0.25270957,0.561476614,0.540925966,0.534947609,0.744745306,0.800400599,0.741095501,0.723110593,0.762544811,0.274557657
111,돈암1동,0.142726416,0.124777281,0.146291719,0.199918288,0.284888351,0.264677301,0.287637144,0.351188077,0.348328647,0.364980505,0.410473046,0.277826847,0.198291641
112,돈암2동,0.277940915,0.366703537,0.390556175,0.3252402,0.399958923,0.404870468,0.583383406,0.509288691,0.427031569,0.424287988,0.513115353,0.500457543,0.167785235
113,안암동,0.080582378,0.075193296,0.079552796,0.167095883,0.823458768,0.301242395,0.229304094,0.272886498,0.243977432,0.300442609,0.337466855,0.22706418,0.228798048
114,보문동,0.183017605,0.137581936,0.11212139,0.142077406,0.380781081,0.363370036,0.320327984,0.333247439,0.305239676,0.312337032,0.32447999,0.327096385,0.244051251
115,정릉1동,0.227406203,0.230211359,0.22424278,0.23480644,0.337615998,0.360020304,0.423923558,0.364610393,0.354675748,0.405993241,0.439085229,0.339051963,0.183038438
116,정릉2동,0.241747135,0.233480632,0.220772356,0.257759171,0.441359663,0.412067775,0.464825845,0.476803704,0.533095679,0.569495013,0.583049593,0.448897134,0.274557657
117,정릉3동,0.127702583,0.092084543,0.104913586,0.174899811,0.557509969,0.269338821,0.260448075,0.301868659,0.353465422,0.433939112,0.485756222,0.513609734,0.152532032
118,정릉4동,0.274526408,0.277888267,0.264286134,0.293565431,0.462279186,0.450978346,0.543271193,0.531388052,0.574139967,0.622575327,0.607830735,0.549727082,0.350823673
119,길음1동,0.521736755,0.720602418,0.709835182,0.511157323,0.467596742,0.643041577,1.01523956,0.614326564,0.522228547,0.600981119,0.586892641,0.591075653,0.381330079
120,길음2동,0.24857615,0.214409869,0.170050775,0.181556103,0.292309756,0.336531586,0.380328718,0.346629944,0.33653926,0.328078665,0.318179296,0.274191105,0.28981086
121,월곡1동,0.312768892,0.348994971,0.353449334,0.307566597,0.408403476,0.475335623,0.596210578,0.544638644,0.569131462,0.619613964,0.580579941,0.469423162,0.396583282
122,월곡2동,0.181993253,0.184986405,0.190072452,0.192802942,0.503109592,0.384583252,0.374305702,0.389286254,0.426290371,0.463925423,0.514898381,0.440827909,0.167785235
123,장위1동,0.147848177,0.1566527,0.187936806,0.216673782,0.404030584,0.323946889,0.376678008,0.491780013,0.4792485,0.479416957,0.491972589,0.383090276,0.213544844
124,장위2동,0.096289113,0.092629422,0.107850099,0.131289622,0.259467981,0.227879645,0.259344612,0.322505718,0.357880111,0.412900557,0.406003545,0.407252045,0.411836486
125,장위3동,0.313451794,0.243016014,0.170050775,0.198770652,0.317227497,0.382813502,0.358558169,0.35876609,0.344008787,0.332852168,0.273700962,0.261836656,0.198291641
126,성북동,0.129751287,0.13049851,0.145757807,0.172834066,0.37184371,0.3445731,0.342243963,0.355837903,0.332228238,0.410657257,0.504802805,0.710038402,0.213544844
127,삼선동,0.170725378,0.201060334,0.231450584,0.272448919,0.609299654,0.454653255,0.484353724,0.473867194,0.431764188,0.54012265,0.586302349,0.45452723,0.533862111
128,동선동,0.087752844,0.091812104,0.096904916,0.160210063,0.656884749,0.341033886,0.264747711,0.240928427,0.240428864,0.317337726,0.334792387,0.341593446,0.259304454
129,종암동,0.401204638,0.456881004,0.473579395,0.481089245,0.920442355,0.713973059,0.84032009,0.806911093,0.746551512,0.845238599,1.057360855,1.150467442,0.62538133
130,석관동,0.342133657,0.302952699,0.276833051,0.309173289,0.74806204,0.676236411,0.674819105,0.776383669,0.844606974,0.928447257,0.830078049,0.604376103,0.244051251
131,번1동,0.122922272,0.111700186,0.124935263,0.1588329,0.456866148,0.386197407,0.381172411,0.40482195,0.415556765,0.502875918,0.42254446,0.394498725,0.122025625
132,번2동,0.115068905,0.115786778,0.130808288,0.151717553,0.286674733,0.251206773,0.320954509,0.36361603,0.433781154,0.5678832,0.474359573,0.341194575,0.091519219
133,번3동,0.14887253,0.16182905,0.16417775,0.179719885,0.272143656,0.237727794,0.347387292,0.358558636,0.438267978,0.727375662,0.499719002,0.412631529,0.137278829
134,수유1동,0.165945067,0.167550279,0.16044037,0.180637994,0.41138359,0.374301864,0.38951179,0.472333677,0.52827874,0.577576191,0.598204963,0.53468289,0.564368517
135,수유2동,0.170383927,0.17190931,0.164978617,0.198311597,0.41044473,0.332867953,0.40230725,0.483778605,0.523509336,0.625110905,0.677584169,0.544894727,0.076266016
136,수유3동,0.144775121,0.129408752,0.121731795,0.165718719,0.573742379,0.463331392,0.425355827,0.52086586,0.542740063,0.626987824,0.580290797,0.48043274,0.213544844
137,삼양동,0.214772526,0.208143761,0.231183628,0.273826083,0.426612957,0.404345443,0.486594191,0.565515547,0.607424515,0.647201358,0.577230853,0.66734496,0.457596095
138,미아동,0.123946624,0.142485847,0.158838636,0.187294286,0.520234296,0.396538776,0.403509135,0.495327548,0.534885728,0.600939251,0.572146904,0.462448195,0.152532032
139,송중동,0.256429518,0.243016014,0.262417444,0.270153646,0.58692372,0.562545697,0.608345846,0.673526232,0.735228141,0.806950713,0.700100474,0.632025354,0.457596095
140,송천동,0.180285999,0.183896647,0.193008964,0.233199748,0.50237579,0.447454492,0.518427498,0.661885596,0.736694773,0.825729541,0.76751675,0.692452729,0.366076876
141,삼각산동,0.391985468,0.542699439,0.542987875,0.469612879,0.463602254,0.514564006,0.848916911,0.622919582,0.529373216,0.570795902,0.554630221,0.447005134,0.381330079
142,우이동,0.174822787,0.175451024,0.184466382,0.172145484,0.357483907,0.347447513,0.391257572,0.456274572,0.526808529,0.626552403,0.646695144,0.677009667,0.472849298
143,인수동,0.24379584,0.274346554,0.272828716,0.277268992,0.551736767,0.529348693,0.582219717,0.702196679,0.802243671,0.926593247,0.943105076,0.88205469,0.259304454
144,쌍문1동,0.184041957,0.196156424,0.187402895,0.229756839,0.423501158,0.349552975,0.421528599,0.471306845,0.527149152,0.592497066,0.576953715,0.479236128,0.274557657
145,쌍문2동,0.178237295,0.16155661,0.160707326,0.201295452,0.348408426,0.3536702,0.363336573,0.424216485,0.485769494,0.475066707,0.545606746,0.570800237,0.244051251
146,쌍문3동,0.134873049,0.129953631,0.117994415,0.139552605,0.342315131,0.317957222,0.316082213,0.363056726,0.394177454,0.465600905,0.426026041,0.377311923,0.122025625
147,쌍문4동,0.166627969,0.220131098,0.255743552,0.260972553,0.346659627,0.311767794,0.388123951,0.440355374,0.433422386,0.338815652,0.409846591,0.425931978,0.061012813
148,방학1동,0.222967344,0.266445809,0.279235652,0.28943394,0.542358742,0.455105935,0.547966845,0.698449523,0.732573409,0.741213202,0.654140262,0.723737722,0.167785235
149,방학2동,0.138629007,0.170274673,0.162842971,0.209558435,0.371701247,0.306540081,0.386331161,0.490557556,0.535038601,0.556797369,0.530981498,0.501255285,0.274557657
150,방학3동,0.276916563,0.340549347,0.363059739,0.336716566,0.464139012,0.427645764,0.546129127,0.626136397,0.684447749,0.539753428,0.741916199,0.648163804,0.152532032
151,창1동,0.222625893,0.267263127,0.282172165,0.277957574,0.453809553,0.458568265,0.53589866,0.536145724,0.555997989,0.574030584,0.637924652,0.520185829,0.122025625
152,창2동,0.312768892,0.283881936,0.277633918,0.305730379,0.553895128,0.566719451,0.593625384,0.66083062,0.651374116,0.655066092,0.670114895,0.432906944,0.030506406
153,창3동,0.128726935,0.128591433,0.133744801,0.140700242,0.250059143,0.230231032,0.277867697,0.338336975,0.338886339,0.394288091,0.371367805,0.296210262,0.152532032
154,창4동,0.268721745,0.293689757,0.332359835,0.339470894,0.511305078,0.451778472,0.568989797,0.626319704,0.5398147,0.498747486,0.67545168,0.649759287,0.167785235
155,창5동,0.2482347,0.238656982,0.232518407,0.271989864,0.492947331,0.471540578,0.46237727,0.567301224,0.574166009,0.504213302,0.574580395,0.577524592,0.183038438
156,도봉1동,0.135214499,0.143575605,0.141753472,0.168473047,0.353956118,0.320860355,0.383430502,0.487733626,0.63293068,0.763065723,0.708232362,0.580066074,0.259304454
157,도봉2동,0.28920879,0.237294785,0.219704533,0.225166293,0.458365878,0.48886168,0.496702004,0.58124328,0.789470405,0.806365047,0.813537134,0.727521723,0.411836486
158,월계1동,0.198041438,0.200243016,0.211695863,0.238019822,0.573104474,0.3822225,0.448156272,0.463229487,0.510860992,0.565188053,0.520054652,0.48232474,0.228798048
159,월계2동,0.292623298,0.275163872,0.26081571,0.295172123,0.441640927,0.44809457,0.561174488,0.586156442,0.714377675,0.70561225,0.761444736,0.762943682,0.244051251
160,월계3동,0.386180805,0.345725697,0.284040855,0.271760337,0.485097776,0.627751965,0.603227496,0.618106762,0.732108098,0.743752732,0.778335112,0.581160334,0.228798048
161,공릉2동,0.421008782,0.485487149,0.555267837,0.591032827,0.941368374,0.697304396,0.854568269,0.770602509,0.694450667,0.639163469,0.679511695,0.65553764,0.213544844
162,하계1동,0.18062745,0.19833594,0.348377176,0.476728226,0.705713736,0.368276482,0.548451849,0.630154558,0.554453733,0.522882643,0.683571564,0.610553327,0.091519219
163,하계2동,0.198382889,0.277888267,0.371602321,0.344979549,0.426266058,0.33989722,0.524275824,0.503204874,0.388459047,0.385035891,0.508224215,0.458413583,0.061012813
164,중계본동,0.143067867,0.336190315,0.56247564,0.553619875,0.454029604,0.257683293,0.653068008,0.58160565,0.360110635,0.320772425,0.396823565,0.46673342,0.213544844
165,중계1동,0.143409318,0.439444877,0.779777573,0.668383531,0.410682055,0.268260682,0.842367,0.561551388,0.317311643,0.284024781,0.361537216,0.296210262,0.198291641
166,중계4동,0.157750249,0.20868864,0.272828716,0.320649654,0.355414256,0.264738825,0.454829921,0.45871092,0.425317237,0.539090819,0.557449187,0.49507806,0.198291641
167,상계1동,0.381400494,0.380053071,0.401768314,0.445971566,0.725946438,0.655615654,0.738011233,0.900716633,0.933742778,0.830520583,0.89836161,1.049489236,0.732153752
168,상계2동,0.150238333,0.16673296,0.208225439,0.271530809,0.446876888,0.314626761,0.407694307,0.504702986,0.449139895,0.414515212,0.410424879,0.422296236,0.167785235
169,상계5동,0.16253056,0.19315959,0.233052318,0.293106377,0.460391242,0.356778547,0.478254439,0.577108215,0.585660396,0.662864627,0.700762943,0.639695708,0.427089689
170,상계8동,0.477689608,0.326927373,0.272828716,0.268317427,0.35690072,0.63321561,0.509372607,0.384651928,0.36003204,0.331421413,0.40142556,0.362814861,0.061012813
171,상계9동,0.2260404,0.23484283,0.261082665,0.291499686,0.365622186,0.377290788,0.462225107,0.457832072,0.441529914,0.386746448,0.482937109,0.478290128,0.04575961
172,상계10동,0.168676673,0.146844878,0.156969946,0.194409633,0.31846897,0.3268981,0.325292093,0.36682338,0.329320782,0.251317571,0.352031932,0.317431677,0.061012813
173,상계3.4동,0.204529003,0.243560893,0.239459255,0.295860704,0.436216421,0.395766458,0.516634709,0.619456973,0.688569347,0.804633002,0.840269958,0.721047981,0.427089689
174,상계6.7동,0.415204119,0.399123835,0.39215791,0.388819266,0.625721716,0.652559838,0.726916873,0.711955375,0.627017123,0.568017017,0.758264303,0.830095411,0.091519219
175,중계2.3동,0.324378218,0.350629608,0.368665809,0.44987353,0.590349325,0.576701925,0.76592342,0.722198078,0.779353544,0.950122669,1.127463604,0.936453099,0.228798048
176,공릉1동,0.344865264,0.339459589,0.328088544,0.378261009,0.946066125,0.7288897,0.708038296,0.747677002,0.869072888,0.774354412,0.759577527,0.749791492,0.244051251
177,녹번동,0.439105672,0.364524021,0.283773899,0.318583908,0.669703163,0.813329596,0.746830126,0.76231786,0.816239448,0.914397222,0.889506935,0.866611629,0.350823673
178,불광1동,0.396765778,0.373242084,0.323817253,0.359210242,0.718475564,0.730242115,0.792430393,0.862422829,0.890077902,1.017576109,1.146185027,0.876424596,0.503355705
179,갈현1동,0.158433151,0.163463687,0.184733338,0.238478877,0.501007054,0.422401151,0.445364926,0.51622819,0.554237797,0.612580733,0.494261581,0.509575122,0.213544844
180,갈현2동,0.262575631,0.262904096,0.2861765,0.356455915,0.586281671,0.535686892,0.610380286,0.619492622,0.591216858,0.64848866,0.626082355,0.458162971,0.28981086
181,구산동,0.285111381,0.310308565,0.34010155,0.378720064,0.594600343,0.555424274,0.665273185,0.723464671,0.742803009,0.79118728,0.80114056,0.801351901,0.305064063
182,대조동,0.192236776,0.19315959,0.203954148,0.229527311,0.623523696,0.564825111,0.537082922,0.536333682,0.571734845,0.681766529,0.673801438,0.521929571,0.33557047
183,응암1동,0.325744021,0.299410986,0.30913469,0.319961072,0.492330635,0.5910202,0.620664991,0.536609173,0.536391289,0.597605826,0.582989422,0.61443968,0.152532032
184,응암2동,0.549735717,0.447618062,0.31100338,0.262579244,0.367826215,0.668720464,0.657241456,0.451620258,0.456802898,0.485385812,0.497502186,0.458413583,0.305064063
185,신사1동,0.280331071,0.243288453,0.251205305,0.284843394,0.527136146,0.548870413,0.545287885,0.578630312,0.61170019,0.647704398,0.609493273,0.465536808,0.152532032
186,신사2동,0.182676154,0.178720297,0.209293262,0.226084402,0.397032905,0.376256644,0.417430585,0.451624664,0.503236684,0.478832711,0.497405853,0.463245937,0.183038438
187,증산동,0.121215018,0.119600931,0.153499522,0.162734864,0.280557741,0.273394608,0.292695518,0.338764529,0.388241438,0.414919508,0.386017209,0.33327361,0.137278829
188,수색동,0.080582378,0.060481564,0.06006503,0.077121177,0.154874098,0.153407863,0.142678263,0.201556153,0.229031215,0.224281878,0.257870828,0.196178057,0.076266016
189,진관동,0.595831569,0.895236123,1.089179218,0.775802313,0.945732352,0.933835455,1.384321259,1.055277301,0.99031659,0.977162315,1.070371876,1.198141497,2.455765711
190,불광2동,0.204187552,0.177630539,0.204488059,0.264874517,0.571039108,0.52201252,0.522986656,0.638903554,0.697844925,0.794981877,0.732254557,0.631227613,0.183038438
191,응암3동,0.165945067,0.157742458,0.177258579,0.243758005,0.485270708,0.452888416,0.472037031,0.550798983,0.609385113,0.761301133,0.805489572,0.658079123,0.28981086
192,역촌동,0.437739869,0.46396443,0.439676023,0.466399497,0.872363407,0.916701295,0.985113839,0.976021659,1.010118675,1.10134184,1.042097148,0.889029657,0.381330079
193,천연동,0.228430556,0.186348603,0.19888199,0.187982868,0.311341679,0.328671931,0.371955549,0.3880598,0.353447747,0.42967544,0.561894678,0.556702047,0.457596095
194,홍제1동,0.264624336,0.235660148,0.226378426,0.263038299,0.422115495,0.46254617,0.48944564,0.523083089,0.525782371,0.584668828,0.653381315,0.56168266,0.183038438
195,홍제3동,0.132482893,0.111972625,0.121998751,0.165489192,0.292370002,0.264435374,0.286356912,0.349246583,0.376615435,0.465583367,0.575989952,0.420552495,0.305064063
196,홍제2동,0.130092738,0.132678026,0.134011757,0.147815589,0.251035933,0.254823241,0.270170637,0.330567169,0.310588805,0.363649914,0.394896039,0.406853174,0.061012813
197,홍은1동,0.233893768,0.218496461,0.207157616,0.248348551,0.404683481,0.385588677,0.43414729,0.515205354,0.520914554,0.578049528,0.685595569,0.684132892,0.28981086
198,홍은2동,0.206577707,0.222583053,0.254942685,0.31077998,0.596481171,0.476110397,0.526717542,0.588537154,0.597451456,0.642901191,0.783732215,0.75985507,0.320317267
199,남가좌1동,0.287160086,0.373514524,0.223975824,0.145290788,0.223200326,0.337145398,0.395468095,0.277296809,0.254607371,0.278397974,0.313095346,0.236728887,0.228798048
200,남가좌2동,0.432618108,0.398851395,0.293918215,0.323403982,0.631926728,0.608418643,0.629107322,0.560505713,0.530660933,0.626189975,0.677993801,0.784962839,0.350823673
201,북가좌1동,0.234235219,0.221493295,0.279769564,0.212771818,0.291596957,0.330573637,0.424178797,0.379694714,0.350162646,0.390864135,0.407882904,0.405508304,0.152532032
202,북가좌2동,0.257795321,0.280067783,0.282439121,0.344979549,0.653670007,0.586974862,0.654324382,0.701649286,0.73933876,0.843587448,0.803562046,0.624252646,0.152532032
203,충현동,0.122580821,0.115241899,0.139884782,0.158373845,0.420564639,0.346930397,0.330977241,0.387328772,0.389766111,0.401582165,0.509850593,0.66639896,0.579621721
204,북아현동,0.25745387,0.205964245,0.139617826,0.143684097,0.333395033,0.394748671,0.357090029,0.363232283,0.291776091,0.30470628,0.326528005,0.336362222,0.427089689
205,신촌동,0.173456984,0.089360149,0.103311852,0.169391156,1.366970617,0.482314557,0.270446201,0.260662493,0.230329442,0.293674484,0.343538724,0.413030399,0.366076876
206,연희동,0.269063196,0.298321228,0.345974575,0.362423625,1.159166024,0.819348898,0.731856626,0.726420676,0.715975923,0.886885661,1.045976211,0.92180778,0.472849298
207,용강동,0.318915006,0.386591619,0.319279006,0.184539958,0.306900388,0.506450976,0.566743342,0.378931707,0.34431095,0.373748623,0.485250112,0.432359815,0.152532032
208,대흥동,0.121556469,0.089905028,0.103578808,0.13404395,0.578075407,0.325295307,0.272984138,0.26538835,0.237064699,0.270154696,0.318227462,0.486062835,0.366076876
209,염리동,0.140336261,0.150386592,0.154834301,0.132437259,0.300158618,0.276110343,0.281043796,0.231932085,0.192141729,0.245030997,0.275965798,0.22611818,0.183038438
210,신수동,0.301842468,0.231573556,0.239459255,0.248348551,0.497609294,0.508602973,0.504761413,0.45107311,0.38957287,0.445477899,0.484973119,0.531594278,0.259304454
211,서교동,0.147848177,0.127774115,0.141486516,0.192343887,0.882740536,0.708350565,0.485878429,0.396923984,0.36763151,0.449705075,0.551485803,0.539663503,0.411836486
212,합정동,0.270087548,0.120418249,0.119863105,0.130141986,0.477395038,0.50681224,0.346615586,0.306139225,0.312767246,0.354551912,0.382427144,0.342140575,0.274557657
213,망원1동,0.189163719,0.164553444,0.165779484,0.17076832,0.465383799,0.53185122,0.423558881,0.387156967,0.394830987,0.465281765,0.457565676,0.40027708,0.091519219
214,망원2동,0.186090662,0.195611545,0.201017635,0.208869853,0.374751073,0.394554821,0.424899463,0.35658084,0.351965116,0.418300174,0.379379204,0.341194575,0.244051251
215,연남동,0.123263723,0.093174301,0.096104049,0.120042784,0.458052072,0.436795767,0.32110264,0.271416449,0.292385672,0.332276137,0.401558054,0.49358493,0.274557657
216,성산1동,0.147848177,0.169457355,0.186602028,0.187753341,0.427879094,0.462719664,0.442075109,0.362245425,0.354461485,0.392785765,0.374114595,0.312052194,0.228798048
217,성산2동,0.41110671,0.412745809,0.443947314,0.444364875,0.902020562,0.902711024,0.858711213,0.729020835,0.679859636,0.837177799,0.837631505,0.877621208,0.213544844
218,상암동,0.353060082,0.482490315,0.624142405,0.460431787,0.574215919,0.546305447,0.813923175,0.568730401,0.478565109,0.504097021,0.602144343,0.473457774,0.259304454
219,도화동,0.262575631,0.215499627,0.21062804,0.204508835,0.404547374,0.484155452,0.424183203,0.451748583,0.431317989,0.456055317,0.636310279,0.723338851,0.411836486
220,서강동,0.312768892,0.28660633,0.220505401,0.231593057,0.68570965,0.56527779,0.527237331,0.466668765,0.382040045,0.411177834,0.495622826,0.470768032,0.244051251
221,공덕동,0.419301528,0.319299068,0.273629583,0.343602385,0.876937971,0.882630107,0.750352655,0.860768983,0.726758499,0.785287465,0.88965158,0.826060799,0.610128127
222,아현동,0.513541937,0.330196647,0.222107135,0.182015158,0.410091682,0.686338394,0.518099313,0.480518882,0.418267163,0.361061724,0.482274494,0.487954836,0.777913362
223,목1동,0.310720188,0.591193666,0.723716877,0.561423804,0.473432816,0.460788325,0.887990541,0.626558647,0.452042094,0.370739709,0.347767247,0.425384848,0.091519219
224,목2동,0.306622779,0.253096275,0.306999044,0.344520494,0.667584044,0.711125368,0.595783224,0.640161907,0.605982018,0.474494627,0.498875581,0.50783138,0.183038438
225,목3동,0.276916563,0.175178584,0.16604644,0.216214727,0.475352126,0.536057149,0.420436648,0.475469483,0.474578944,0.378807302,0.438892418,0.397986208,0.244051251
226,목4동,0.179261647,0.26617337,0.401234403,0.456529822,0.566676441,0.386810677,0.592452013,0.614826071,0.421107972,0.407629385,0.401220744,0.355691637,0.106772422
227,신월1동,0.165945067,0.168912476,0.160173414,0.179719885,0.357988191,0.369841103,0.411893443,0.515065855,0.571120009,0.515530273,0.392932352,0.436394427,0.183038438
228,신월2동,0.238674078,0.233753072,0.238124476,0.212083236,0.354930214,0.403121444,0.432531766,0.432605719,0.533387331,0.473738647,0.416364108,0.358381378,0.122025625
229,신월3동,0.145799473,0.148479515,0.132676978,0.158373845,0.278707036,0.279323295,0.298261921,0.392234511,0.409279891,0.379611943,0.330816846,0.234985146,0.183038438
230,신월4동,0.217845582,0.25554823,0.222107135,0.19463916,0.288649316,0.33866831,0.389465155,0.36548141,0.436672608,0.385624088,0.380824776,0.277678588,0.137278829
231,신월5동,0.152287037,0.164553444,0.167648174,0.16732541,0.281467513,0.287656898,0.30150743,0.334002695,0.336147522,0.30129307,0.275724821,0.230950533,0.106772422
232,신월6동,0.237649726,0.164825884,0.142020427,0.139093551,0.193273722,0.298682425,0.250172928,0.232942927,0.240632615,0.19684584,0.146048541,0.202754152,0.152532032
233,신월7동,0.177554393,0.175178584,0.163643838,0.193950578,0.35923982,0.356450371,0.386615661,0.469098101,0.557732139,0.523274774,0.561027248,0.462847066,0.030506406
234,신정1동,0.196675635,0.351719366,0.427396061,0.343602385,0.340008918,0.279873671,0.525580911,0.449542854,0.348550072,0.312826485,0.340273818,0.475600387,0.106772422
235,신정2동,0.134531598,0.263993854,0.375339701,0.362423625,0.368674084,0.249032421,0.491090547,0.463564694,0.351225356,0.311343118,0.355826813,0.369789827,0.228798048
236,신정3동,0.498518104,0.596914895,0.679669189,0.653464256,0.804214601,0.774448831,1.051154839,1.004511899,0.915299106,0.864996334,0.825608402,0.883399561,0.183038438
237,신정6동,0.250624855,0.383594784,0.485325446,0.431052291,0.434605043,0.374580051,0.599401972,0.550338715,0.413669977,0.271426991,0.333178015,0.448350005,0.030506406
238,신정7동,0.271794802,0.346270576,0.446883826,0.418198761,0.505158999,0.438495799,0.665568576,0.671840163,0.631050586,0.566163008,0.662693787,0.675813055,0.259304454
239,목5동,0.324719669,0.702348973,1.06488625,0.838692796,0.625881866,0.535828754,1.177765076,0.845275952,0.63221338,0.469062465,0.560063339,0.759604458,0.076266016
240,신정4동,0.292623298,0.281974859,0.264553089,0.317436272,0.709082616,0.712575023,0.68702183,0.718051838,0.783119957,0.750382776,0.597229194,0.556702047,0.228798048
241,염창동,0.631342448,0.66230037,0.626811962,0.512075432,0.727462333,0.960528675,0.978927894,0.760052417,0.651526754,0.484247025,0.511223988,0.446059134,0.167785235
242,등촌1동,0.265990139,0.162918808,0.146558674,0.201754507,0.589764963,0.748695801,0.422249638,0.386633721,0.353124328,0.319631107,0.499273063,0.585046687,0.076266016
243,등촌2동,0.223650245,0.210868156,0.182597692,0.22883873,0.43624682,0.472577178,0.396011495,0.450362478,0.461403664,0.369751168,0.344610825,0.375568181,0.061012813
244,등촌3동,0.305939877,0.248192364,0.232785362,0.311698089,0.566104378,0.616051644,0.519304982,0.706619473,0.816316368,0.722144938,1.094574585,1.310277539,0.183038438
245,화곡본동,0.390619665,0.369155492,0.320079873,0.315600053,0.756389763,0.86643548,0.732286805,0.63412565,0.675311422,0.598008702,0.494249431,0.674319926,0.137278829
246,화곡2동,0.204529003,0.210868156,0.190873319,0.189589559,0.339015477,0.403097634,0.413482656,0.372168665,0.396448816,0.378599071,0.268532685,0.285200683,0.091519219
247,화곡3동,0.217162681,0.202967411,0.196479388,0.213919454,0.422729771,0.432691988,0.418267918,0.43901732,0.553854897,0.503389702,0.412605388,0.395444725,0.33557047
248,화곡4동,0.20794351,0.179810055,0.173521199,0.182474213,0.393224545,0.464629821,0.421616255,0.4532387,0.511776084,0.468739375,0.419809674,0.346574059,0.106772422
249,화곡6동,0.243112938,0.186348603,0.207157616,0.219657637,0.550673269,0.552746624,0.473458785,0.515421293,0.580597429,0.461095037,0.414316092,0.393700984,0.106772422
250,화곡8동,0.249259052,0.216044506,0.199949812,0.218739528,0.50805883,0.590961673,0.524155497,0.503628757,0.578642323,0.576947236,0.420303634,0.303333487,0.091519219
251,가양1동,0.305598427,0.259907262,0.22611147,0.262349717,1.06106263,1.062943225,0.584897097,0.537104765,0.494638772,0.337310485,0.367633095,0.398932209,0.076266016
252,가양2동,0.099703621,0.072196462,0.050721581,0.067940084,0.235003398,0.333326457,0.189791848,0.301318248,0.519258029,0.435967387,0.586507019,0.57578085,0.061012813
253,가양3동,0.177895844,0.071651583,0.0656711,0.092729034,0.245844604,0.420368033,0.255799804,0.302468262,0.433795247,0.440789553,0.465492748,0.513210863,0.030506406
254,발산1동,0.443203081,0.645136683,0.662050113,0.607558793,0.632784062,0.596491924,0.942657958,0.722181762,0.62015527,0.594633408,0.571556467,0.663857477,0.152532032
255,공항동,0.45617821,0.371335008,0.221039312,0.211624181,0.507216074,0.682745193,0.563028126,0.525296484,0.526636073,0.484286362,0.476262943,0.439084168,0.411836486
256,방화1동,0.61870877,0.748118805,0.596112057,0.47466248,0.717324116,0.878390634,0.999819254,0.843871412,0.892474186,0.791307512,0.746590661,0.740673913,0.198291641
257,방화2동,0.199407241,0.181989571,0.188737673,0.19211436,0.447673215,0.466390663,0.422598645,0.478785415,0.58771224,0.606323862,0.639514868,0.532939149,0.411836486
258,방화3동,0.245844544,0.211413035,0.218102799,0.181097049,0.350348117,0.49415183,0.457395537,0.471926354,0.627263152,0.60549489,0.691197488,0.926093004,0.137278829
259,화곡1동,0.603343486,0.361527187,0.306732089,0.349111041,1.19617038,1.444731033,0.994503561,0.992940199,1.139698023,1.056384262,0.8548832,0.735693301,0.305064063
260,우장산동,0.500908259,0.685730165,0.735996839,0.634872543,0.706248075,0.756254802,1.103152357,0.826321291,0.798364755,0.69521447,0.542341985,0.615784552,0.350823673
261,신도림동,0.56919841,0.54733091,0.491999338,0.393409812,0.589725168,0.83073649,0.833939877,0.658094142,0.644319257,0.551436778,0.500152644,0.447404005,0.106772422
262,구로1동,0.311403089,0.298593667,0.286710412,0.216903309,0.386803627,0.531970728,0.474090088,0.395334423,0.405530918,0.274452021,0.269014494,0.319574289,0.04575961
263,구로3동,0.261209828,0.230211359,0.200483724,0.176965557,0.547181338,0.718680115,0.553215953,0.452707214,0.450995151,0.441752342,0.434121769,0.270703622,0.320317267
264,구로4동,0.212040919,0.162646368,0.157770813,0.164341555,0.407477743,0.497436127,0.516095466,0.686385819,0.60088203,0.606084508,0.552485873,0.382691406,0.259304454
265,구로5동,0.399497384,0.268352885,0.217835844,0.224248183,0.692246569,0.798991879,0.612988007,0.721903008,0.659648139,0.603703128,0.549389621,0.418808753,0.015253203
266,고척1동,0.218528484,0.216044506,0.241861856,0.26464499,0.457931996,0.39485673,0.465074352,0.512460964,0.572609804,0.54731656,0.449084472,0.42807459,0.076266016
267,고척2동,0.270087548,0.319299068,0.297121684,0.284843394,0.491749868,0.453993992,0.571369209,0.637501052,0.643316029,0.653194545,0.616625238,0.420153624,0.122025625
268,개봉2동,0.414862669,0.331013965,0.299257329,0.299533141,0.51320076,0.637394816,0.62972969,0.637185996,0.812253518,0.794435238,0.639418535,0.608262456,0.137278829
269,개봉3동,0.217162681,0.204057169,0.193542876,0.189819087,0.35757697,0.406817252,0.429570633,0.463896639,0.563901766,0.507524928,0.485021285,0.356637637,0.167785235
270,오류1동,0.246868897,0.169184916,0.146558674,0.170538792,0.521388368,0.590220445,0.421387948,0.412903468,0.48428519,0.51405907,0.460541439,0.457068713,0.091519219
271,수궁동,0.23491812,0.238929422,0.248001837,0.263038299,0.415737552,0.446229494,0.497335386,0.50914544,0.569085603,0.564280717,0.453361163,0.431960944,0.167785235
272,가리봉동,0.088435746,0.071106704,0.051522448,0.053250336,0.213482104,0.272402088,0.301283155,0.537876256,0.357795086,0.261661007,0.285651742,0.326549255,0.350823673
273,구로2동,0.258819673,0.234297951,0.210361084,0.209099381,0.52421082,0.613345816,0.680317801,1.005931371,0.795864334,0.784980491,0.707015617,0.582356946,0.457596095
274,개봉1동,0.335646093,0.30758417,0.282706076,0.315829581,0.565586205,0.594810706,0.621172895,0.732177608,0.802201395,0.794996573,0.674777207,0.590277911,0.122025625
275,오류2동,0.96220823,0.951903534,0.722382099,0.531814781,0.843348578,1.198486576,1.195730461,0.952372956,1.037035101,1.074742677,1.006304689,0.916428296,0.122025625
276,가산동,0.165945067,0.108430912,0.089697112,0.100073908,0.744295477,0.724455491,0.414805365,0.526279345,0.410744613,0.332340915,0.275303183,0.285998425,0.137278829
277,독산1동,0.61426991,0.452521972,0.304329487,0.294254013,0.990220017,1.176647473,0.840419258,0.870124925,0.789687779,0.732330225,0.673957943,0.476945257,0.259304454
278,독산2동,0.18062745,0.163463687,0.158037769,0.168702574,0.377849675,0.371196973,0.379395041,0.572993872,0.504128847,0.430519109,0.35227291,0.361868861,0.244051251
279,독산3동,0.231845063,0.197518621,0.17779249,0.200377343,0.533408797,0.541804889,0.536934667,0.841894106,0.686828033,0.568291447,0.517645171,0.476546387,0.33557047
280,독산4동,0.146140924,0.122325325,0.135613491,0.133584895,0.321603085,0.307970293,0.336981887,0.515269639,0.421297632,0.37298585,0.289603273,0.242906111,0.228798048
281,시흥1동,0.353742983,0.317391991,0.287778235,0.309173289,0.660534272,0.679921313,0.700264968,0.8549649,0.805916693,0.802004054,0.713388488,0.697832212,0.33557047
282,시흥2동,0.217845582,0.276798509,0.288312146,0.253398152,0.341834889,0.335631309,0.455197423,0.486259334,0.509232182,0.522568876,0.488804162,0.524072183,0.564368517
283,시흥3동,0.091850253,0.089905028,0.086226688,0.098696744,0.198329289,0.195341988,0.203256311,0.263770807,0.307822039,0.300600758,0.258979235,0.204099023,0.061012813
284,시흥4동,0.18950517,0.191252513,0.202352414,0.195557269,0.371278488,0.361667635,0.404191853,0.532930379,0.551309322,0.510733859,0.45514419,0.352603024,0.228798048
285,시흥5동,0.163896363,0.155835381,0.161241237,0.207033635,0.342275543,0.319781586,0.384905375,0.482052889,0.513594319,0.558894685,0.601445713,0.406853174,0.259304454
286,여의동,0.456861111,0.474862009,0.411912631,0.319042963,0.517592928,0.708815778,0.707073903,0.649733134,0.662819298,0.771703974,1.072865538,1.076739618,0.381330079
287,당산1동,0.231162162,0.147662197,0.118528327,0.138634496,0.467453449,0.562205531,0.382005213,0.403671445,0.433153898,0.412716656,0.456565751,0.405508304,0.228798048
288,당산2동,0.464373028,0.377056237,0.302994709,0.268776482,0.946255773,1.050488029,0.658488022,0.602814743,0.59639042,0.549843923,0.662597309,0.651503028,0.457596095
289,양평1동,0.243112938,0.159104655,0.124134396,0.131519149,0.3594645,0.56733509,0.368833938,0.269519009,0.291732375,0.324975269,0.328323038,0.391808984,0.137278829
290,양평2동,0.329158529,0.212230353,0.190606363,0.216214727,0.482421519,0.666018376,0.436775335,0.390548441,0.346113184,0.31313346,0.354405252,0.262782656,0.091519219
291,신길1동,0.130092738,0.104616759,0.106248365,0.13656875,0.445222051,0.430257265,0.359350324,0.410990039,0.405241173,0.44513443,0.492321904,0.435448427,0.320317267
292,신길3동,0.225016048,0.18253445,0.154300389,0.151258498,0.295627648,0.358234567,0.353719165,0.432701573,0.411129656,0.4065639,0.381222403,0.327096385,0.122025625
293,신길4동,0.059412432,0.055850093,0.082489308,0.078957395,0.172196467,0.159736612,0.17693554,0.250164612,0.251424029,0.245643524,0.259569528,0.238472629,0.213544844
294,신길5동,0.160823306,0.120963128,0.097972738,0.100073908,0.197127751,0.240864405,0.248550173,0.315311288,0.29678627,0.255556912,0.236077454,0.214709731,0.228798048
295,신길6동,0.18984662,0.15147635,0.128672643,0.158144318,0.403345145,0.399406195,0.344039081,0.407702252,0.425533172,0.397237288,0.413460813,0.410340658,0.198291641
296,신길7동,0.362620703,0.30240782,0.219704533,0.219887164,0.379369717,0.460974182,0.423283565,0.404705782,0.3357995,0.294354631,0.334262266,0.233241404,0.167785235
297,대림1동,0.120873568,0.103527001,0.108917922,0.12119042,0.272673988,0.266171492,0.308389435,0.435126502,0.377602662,0.396060895,0.344044689,0.281713201,0.228798048
298,대림2동,0.171408279,0.138671694,0.107583143,0.102598708,0.290851618,0.404489133,0.419274665,0.670590703,0.454153185,0.411519883,0.364356329,0.280767201,0.076266016
299,대림3동,0.274526408,0.208143761,0.20689066,0.213230872,0.449896244,0.542740882,0.524669637,0.762062682,0.639919863,0.557156957,0.533728288,0.384834018,0.061012813
300,영등포본동,0.280672521,0.22939404,0.159906459,0.19119625,0.38086772,0.48563828,0.463348769,0.596315526,0.557577124,0.521710201,0.49440608,0.568110496,0.213544844
301,영등포동,0.243454389,0.137581936,0.101977074,0.116599874,0.803659255,0.875057831,0.452077641,0.468302952,0.482761954,0.439256102,0.420363805,0.455324971,0.366076876
302,도림동,0.228430556,0.162646368,0.121731795,0.137716387,0.368532864,0.493090876,0.413596623,0.502434364,0.430084733,0.443937657,0.462986935,0.416119011,0.259304454
303,문래동,0.529931573,0.479493481,0.420188257,0.313534307,0.497084973,0.790572657,0.745731815,0.520422316,0.573391606,0.576924326,0.608095723,0.627193,0.396583282
304,노량진2동,0.068290151,0.058302048,0.062734587,0.089974706,0.296854197,0.26763542,0.220076217,0.323940118,0.334903756,0.354508624,0.362067336,0.372479569,0.213544844
305,상도1동,0.475640903,0.46914078,0.41938739,0.437020001,1.512392627,0.854979626,0.847059739,0.810079124,0.834213992,0.884702878,0.958067635,1.044258012,0.564368517
306,상도2동,0.397790131,0.329651768,0.252273128,0.240315095,0.5883916,0.640268143,0.567672115,0.533549235,0.539989063,0.5558142,0.62732311,0.636458837,0.396583282
307,상도3동,0.238674078,0.187438361,0.193542876,0.235035967,0.557041401,0.568038063,0.488566201,0.501978664,0.506321379,0.595121752,0.537727985,0.519239829,0.213544844
308,상도4동,0.298427961,0.267808006,0.238124476,0.254086734,0.604464689,0.653478386,0.572833192,0.580539988,0.598693548,0.640764538,0.664476815,0.477492387,0.167785235
309,사당1동,0.155018643,0.117148975,0.103044897,0.138864023,0.684618308,0.623355925,0.387421656,0.422059706,0.502043797,0.501297759,0.357513508,0.332327609,0.106772422
310,사당3동,0.338036248,0.32856201,0.221039312,0.194868687,0.450799247,0.550771119,0.50075571,0.476124724,0.559892906,0.57507711,0.481599875,0.497619543,0.320317267
311,사당4동,0.14443367,0.103799441,0.087027555,0.101910126,0.334574186,0.341804835,0.269152503,0.275615309,0.320407319,0.34550115,0.292687374,0.309909581,0.091519219
312,사당5동,0.189163719,0.14602756,0.126270042,0.118436093,0.292030149,0.335964394,0.292062509,0.278707143,0.286332132,0.281133569,0.268785668,0.340248575,0.183038438
313,대방동,0.307647131,0.416015082,0.520029685,0.539389182,0.862631988,0.728920876,0.863690866,0.749425967,0.668714945,0.716703452,0.786238028,0.654341028,0.366076876
314,신대방1동,0.235942472,0.287696088,0.34197024,0.31330478,0.462113647,0.444024878,0.582177114,0.586540025,0.519501915,0.470391946,0.4901534,0.452783489,0.091519219
315,신대방2동,0.219552836,0.236749906,0.230649717,0.201754507,0.458165793,0.441614509,0.416577956,0.349222599,0.347664603,0.420128432,0.373994106,0.3473718,0.183038438
316,흑석동,0.385839354,0.357985474,0.27069307,0.302516996,0.93052544,0.645265833,0.633870182,0.665520501,0.648284166,0.726803582,0.855196355,0.92086178,0.854179378
317,노량진1동,0.322329514,0.296141712,0.249336615,0.25615248,0.744387989,0.719919474,0.561633429,0.604273045,0.676333762,0.71379075,0.827692578,0.794376934,0.457596095
318,사당2동,0.316866302,0.252551396,0.209827173,0.216903309,0.494417903,0.600559902,0.529177879,0.56042234,0.632698509,0.691770447,0.650694695,0.651901899,0.533862111
319,보라매동,0.225016048,0.188255679,0.185801161,0.199000179,0.636622061,0.578394791,0.455797388,0.459934032,0.540524837,0.603040518,0.504080019,0.412232658,0.137278829
320,청림동,0.242771487,0.188528118,0.150029098,0.143225042,0.259333947,0.346219059,0.327586551,0.295209385,0.321819724,0.349018476,0.391486634,0.283058071,0.350823673
321,행운동,0.218528484,0.178447858,0.161775149,0.196934433,0.976987549,0.817824816,0.478770071,0.457688821,0.520078526,0.589198716,0.473082511,0.434650685,0.259304454
322,낙성대동,0.125995329,0.12014581,0.104646631,0.120960893,0.73412009,0.485494333,0.269640581,0.221038465,0.225347448,0.277681332,0.238245957,0.237127758,0.152532032
323,중앙동,0.079216575,0.064295717,0.060331986,0.10328729,0.590017831,0.407489333,0.23313818,0.254966174,0.271999079,0.334527649,0.296988219,0.20101041,0.137278829
324,인헌동,0.196675635,0.189345437,0.187135939,0.226084402,0.761691358,0.667847651,0.481166983,0.450737739,0.481495729,0.530760963,0.435398832,0.358381378,0.137278829
325,남현동,0.185749211,0.149024394,0.099040561,0.112468383,0.508117694,0.499294122,0.304793213,0.3342024,0.355659393,0.375783692,0.278676428,0.299298874,0.04575961
326,서원동,0.136580302,0.100530167,0.096104049,0.131978204,0.853373972,0.63652009,0.375055751,0.381568497,0.420656519,0.440626031,0.379078056,0.274589976,0.137278829
327,신원동,0.1130202,0.108975791,0.104379675,0.125092385,0.576607043,0.448390855,0.322228256,0.363056726,0.384480281,0.448822069,0.389306125,0.467531162,0.198291641
328,서림동,0.137604655,0.131860707,0.128138732,0.165030137,0.776952852,0.627672455,0.418843154,0.401294485,0.443603015,0.447354818,0.399570356,0.337707092,0.28981086
329,신사동,0.181993253,0.147117318,0.147893453,0.173522647,0.766831907,0.574828313,0.458127093,0.5472716,0.463534573,0.480556854,0.405461419,0.311254453,0.228798048
330,신림동,0.078875125,0.049583985,0.048585936,0.082400305,1.094796559,0.766080711,0.32621035,0.244683579,0.245855383,0.276410146,0.213512982,0.210276247,0.228798048
331,난향동,0.174139886,0.207871321,0.18339856,0.186376177,0.231301712,0.260622599,0.386503772,0.332600356,0.341711148,0.374109631,0.32090193,0.316485677,0.198291641
332,조원동,0.137604655,0.117693854,0.111320523,0.11269791,0.535995928,0.47260981,0.329473233,0.394847234,0.386583005,0.353200942,0.335406835,0.300643745,0.152532032
333,대학동,0.122922272,0.120963128,0.10838401,0.151028971,0.896396661,0.661960589,0.458586158,0.401649841,0.358821479,0.376042004,0.360730103,0.250428207,0.183038438
334,은천동,0.32984143,0.36479646,0.368398853,0.293565431,0.729725226,0.736929759,0.689054315,0.648063381,0.703812707,0.780269234,0.635973115,0.545692469,0.259304454
335,성현동,0.296720707,0.348177652,0.382547505,0.364718898,0.523986141,0.525527468,0.657186968,0.611027521,0.623101655,0.716293783,0.664765959,0.620218034,0.457596095
336,청룡동,0.222284442,0.18226201,0.182330737,0.250414297,1.434566496,0.883601101,0.528808547,0.525499941,0.54898708,0.599960033,0.479371199,0.395444725,0.305064063
337,난곡동,0.215113976,0.216316945,0.22798016,0.262349717,0.545947051,0.50344515,0.52858207,0.647596424,0.655168713,0.723383579,0.602192655,0.480979869,0.213544844
338,삼성동,0.142726416,0.157742458,0.182330737,0.227691093,0.405508619,0.37327617,0.450767777,0.566358664,0.671109321,0.772476071,0.750494026,0.778535003,0.427089689
339,미성동,0.277258014,0.298321228,0.302727753,0.302976051,0.644908607,0.591213508,0.626356375,0.663922781,0.750432572,0.736547765,0.585832545,0.439881909,0.320317267
340,서초1동,0.217162681,0.257455306,0.260014843,0.225854874,0.377116564,0.490203646,0.48788606,0.374788974,0.394541242,0.376567954,0.360669786,0.492787189,0.04575961
341,서초2동,0.236966825,0.222855493,0.222107135,0.19211436,0.35955929,0.509945938,0.423901403,0.311679564,0.289088388,0.2885128,0.221150911,0.369789827,0.259304454
342,서초3동,0.272477703,0.247919925,0.298189507,0.367243698,0.686058898,0.667701963,0.621385283,0.59961457,0.575105939,0.607365017,0.557569676,0.644379803,0.259304454
343,서초4동,0.356133138,0.569126069,0.603319861,0.450103058,0.484222895,0.521085606,0.819057817,0.591556464,0.497228768,0.523101618,0.499827339,0.625050388,0.244051251
344,잠원동,0.346572517,0.419284356,0.518694907,0.445512512,0.599074106,0.647823433,0.810973305,0.684506733,0.541343425,0.471051714,0.524921634,0.758510199,0.33557047
345,반포본동,0.075460617,0.111972625,0.223975824,0.252020988,0.203155755,0.120670904,0.292563057,0.263722104,0.202819201,0.286888822,0.249269136,0.212418859,0.183038438
346,반포1동,0.39744868,0.546786031,0.526970533,0.360128352,0.573524055,0.755664799,0.848508052,0.518081087,0.479752741,0.445997056,0.365585079,0.429818331,0.28981086
347,반포2동,0.219552836,0.357168155,0.423925637,0.270383173,0.186830143,0.212680991,0.477784857,0.265855387,0.21181889,0.261685338,0.230740523,0.353001895,0.396583282
348,반포3동,0.274867859,0.318754189,0.393225732,0.324092564,0.323412198,0.345909241,0.567624609,0.415243637,0.344249561,0.352489672,0.359404873,0.397188467,0.198291641
349,반포4동,0.270770449,0.289330725,0.304062532,0.257070589,0.3149588,0.372369983,0.478181244,0.365509064,0.373832902,0.345671465,0.332937038,0.462847066,0.076266016
350,방배본동,0.165262166,0.283337057,0.354517157,0.347963404,0.36073651,0.32329699,0.51072383,0.434678226,0.361625267,0.380194768,0.449602442,0.53468289,0.091519219
351,방배1동,0.201797397,0.172726629,0.155101256,0.181785631,0.338115861,0.406570328,0.366740979,0.312494618,0.340694063,0.372753289,0.327949567,0.391011243,0.198291641
352,방배2동,0.190870973,0.1773581,0.205822838,0.205426944,0.382875465,0.422191941,0.396177125,0.413055205,0.456953861,0.468144385,0.394161102,0.480831611,0.183038438
353,방배3동,0.213406722,0.209233519,0.227446248,0.276121356,0.3837433,0.398283346,0.422184384,0.456973784,0.510880104,0.461750853,0.43963936,0.543948727,0.061012813
354,방배4동,0.240722783,0.280340222,0.335296348,0.320420127,0.428331631,0.480998029,0.555344034,0.445156609,0.38319089,0.463993043,0.437326358,0.417463882,0.183038438
355,양재1동,0.563393747,0.757926627,0.631083253,0.439774329,0.720615962,0.921723252,1.005461676,0.800999081,0.91008732,0.830508107,0.76651668,1.020096243,0.076266016
356,양재2동,0.241405684,0.227486964,0.209293262,0.20404978,0.446554584,0.599361169,0.493499221,0.422986114,0.415096474,0.364642408,0.262942772,0.417862753,0.106772422
357,내곡동,0.287842987,0.355805958,0.186602028,0.128764822,0.263235026,0.374880504,0.383872318,0.323025213,0.394720391,0.41004584,0.372054429,0.395444725,0.167785235
358,신사동,0.138629007,0.164281005,0.217034977,0.210706072,0.321154969,0.33147637,0.389314821,0.316708895,0.293822915,0.401802561,0.44201268,0.425783719,0.152532032
359,논현1동,0.130092738,0.101892365,0.104112719,0.129223876,0.629729952,0.796507623,0.501449691,0.361390643,0.377862783,0.386187953,0.360742108,0.384286888,0.28981086
360,논현2동,0.18540776,0.168367597,0.151096921,0.174899811,0.466363629,0.609715443,0.475755321,0.371589292,0.364501191,0.428310884,0.340430467,0.49358493,0.28981086
361,삼성1동,0.150579783,0.133222905,0.168182085,0.185458068,0.287206792,0.290699809,0.307780906,0.308679669,0.293840354,0.293065909,0.219139058,0.292722779,0.122025625
362,삼성2동,0.332231586,0.420101674,0.487194136,0.382162974,0.518349391,0.672274409,0.82769296,0.512607722,0.397049795,0.477004453,0.35893507,0.376913052,0.183038438
363,대치1동,0.159116052,0.43263389,0.78057844,0.608935957,0.34238968,0.213975878,0.776332733,0.47137749,0.31405329,0.286904938,0.241583041,0.271102493,0.228798048
364,대치4동,0.109947143,0.133222905,0.246133147,0.375277154,0.462186744,0.447054885,0.521923344,0.410861143,0.247963362,0.297164637,0.217765662,0.161804451,0.137278829
365,역삼1동,0.197358537,0.145482681,0.155902123,0.203590725,1.001394856,1.367769999,0.776032227,0.545273653,0.489734403,0.479096397,0.400293141,0.440429039,0.366076876
366,역삼2동,0.38822951,0.536160892,0.751747225,0.625232396,0.633570232,0.712167052,1.095085468,0.602960685,0.421649235,0.496775775,0.40312426,0.541657857,0.305064063
367,도곡1동,0.22569895,0.329651768,0.318478139,0.260972553,0.406231228,0.440698871,0.493810405,0.444513687,0.409481968,0.355629563,0.33387679,0.434251815,0.106772422
368,도곡2동,0.346231067,0.533981376,0.623875449,0.566243877,0.546520151,0.488470067,0.838401821,0.690794497,0.579831863,0.595989751,0.537378524,0.699974824,0.244051251
369,개포1동,0.044730049,0.073558659,0.076883239,0.070923939,0.106283471,0.09373176,0.123987469,0.143140621,0.196574093,0.200164258,0.171046503,0.243304982,0.198291641
370,개포4동,0.169018124,0.175178584,0.198081122,0.206345053,0.351266043,0.37287211,0.376476759,0.389797427,0.374798874,0.292365382,0.2403783,0.303732357,0.106772422
371,일원본동,0.263258533,0.423643388,0.484524579,0.364259843,0.352847368,0.405302791,0.582096689,0.463648312,0.453790103,0.301506674,0.314842067,0.473457774,0.076266016
372,일원1동,0.119849215,0.115514338,0.138816959,0.170538792,0.303778433,0.303190264,0.284192961,0.332824372,0.412443885,0.396064846,0.376222781,0.479634999,0.091519219
373,일원2동,0.193261128,0.190980074,0.233319274,0.224477711,0.268884627,0.345033231,0.396723349,0.331853257,0.409826644,0.405069477,0.305469422,0.344682059,0.076266016
374,수서동,0.143409318,0.069472067,0.064069366,0.091581397,0.222503764,0.318336472,0.219499027,0.302096916,0.547132293,0.535922336,0.530933185,0.761199941,0.076266016
375,세곡동,0.569539861,0.842382865,0.672995296,0.468465243,0.71693894,0.931137621,0.991318901,0.76239748,0.793618045,0.765432096,0.934623582,1.207407334,0.183038438
376,압구정동,0.304574074,0.378963313,0.386818796,0.326387837,0.437236876,0.466260877,0.632815805,0.506196611,0.51609976,0.694316769,0.684065524,0.808873995,0.259304454
377,청담동,0.317890654,0.35962011,0.287511279,0.285072921,0.517583463,0.594547509,0.61505183,0.512228871,0.48676914,0.502303838,0.428531854,0.669088701,0.366076876
378,대치2동,0.195309832,0.398851395,0.777108016,0.825609739,0.688182163,0.447577911,0.942132892,0.852278754,0.661498376,0.567858558,0.442651138,0.551869694,0.33557047
379,개포2동,0.252332109,0.258000185,0.30352862,0.340389003,0.399423823,0.377926328,0.472634793,0.488851662,0.479153904,0.35129543,0.273977955,0.339051963,0.137278829
380,풍납1동,0.135214499,0.098623091,0.120663972,0.121879002,0.241988226,0.286615301,0.277536563,0.350369516,0.40023625,0.360876403,0.315300011,0.269757622,0.122025625
381,풍납2동,0.330524332,0.294507075,0.269091336,0.259824917,0.509799889,0.572959953,0.521621842,0.477342857,0.521594362,0.44813766,0.422158838,0.440827909,0.122025625
382,거여1동,0.097313465,0.111700186,0.121731795,0.142765988,0.242400138,0.223048541,0.261533541,0.301117808,0.308370231,0.303482335,0.251353312,0.215108601,0.04575961
383,거여2동,0.170383927,0.162918808,0.163376883,0.189589559,0.24876081,0.295150206,0.33921795,0.363232201,0.387779474,0.412617913,0.395835646,0.435995556,0.213544844
384,마천1동,0.139311908,0.184986405,0.21062804,0.207951744,0.330093031,0.301314368,0.386163329,0.469241515,0.532709196,0.543042145,0.535800313,0.447951134,0.259304454
385,마천2동,0.138287556,0.15638026,0.166580351,0.193950578,0.330337055,0.309688597,0.364965688,0.492319657,0.526852243,0.514938125,0.497694997,0.608661327,0.503355705
386,방이1동,0.163896363,0.183624208,0.199949812,0.223559601,0.330363448,0.308905286,0.343065378,0.348311854,0.309851189,0.23615197,0.276435602,0.261437785,0.106772422
387,방이2동,0.244137291,0.155290502,0.147092586,0.183621849,0.658984728,0.783228405,0.477756218,0.478924914,0.509625827,0.427684771,0.356115957,0.393153855,0.04575961
388,오륜동,0.129409837,0.272711917,0.386818796,0.319042963,0.299163243,0.232786632,0.438731178,0.393788096,0.39131944,0.27476974,0.288723691,0.382691406,0
389,오금동,0.527541418,0.407024579,0.38281446,0.45331644,0.767108888,0.775395643,0.765811656,0.901243795,0.91136573,0.693123947,0.768239391,0.939792323,0.137278829
390,송파1동,0.252332109,0.17190931,0.163643838,0.192802942,0.603287815,0.735175197,0.462476314,0.471334908,0.492884305,0.418175679,0.337960815,0.331529867,0.152532032
391,송파2동,0.248917601,0.258817504,0.232518407,0.247430442,0.390649228,0.404036082,0.40362813,0.43414772,0.446541767,0.32234095,0.319118903,0.369390957,0.167785235
392,석촌동,0.313451794,0.232118435,0.232785362,0.261890662,0.743675813,0.9509719,0.654177121,0.64128443,0.63335897,0.556033175,0.449759091,0.407252045,0.106772422
393,삼전동,0.274867859,0.256093109,0.252540083,0.271071755,0.699207974,0.89551817,0.667151802,0.596187366,0.579199117,0.476253846,0.392691374,0.501654155,0.198291641
394,가락본동,0.309012934,0.225307448,0.215967154,0.26464499,0.569921513,0.641292297,0.506968339,0.62075538,0.568178879,0.425855092,0.423411745,0.367248345,0.137278829
395,가락1동,0.529248672,0.457425883,0.314473804,0.251791461,0.484852715,0.727823837,0.553945803,0.511893828,0.512559559,0.339885089,0.250823191,0.297954003,0.061012813
396,가락2동,0.368425366,0.430726814,0.467172459,0.433806619,0.617897863,0.642578362,0.724448347,0.679278514,0.637318388,0.465990194,0.471311488,0.49413206,0.122025625
397,문정1동,0.253697912,0.18798324,0.189805496,0.213689927,0.439780688,0.476125757,0.373307518,0.448500932,0.467409907,0.330672226,0.29942171,0.377710794,0.183038438
398,문정2동,0.309354385,0.241926256,0.171652509,0.202902143,0.68372104,1.018169033,0.551696524,0.447394152,0.51339773,0.443677923,0.505935223,0.499511543,0.152532032
399,잠실본동,0.232186514,0.179810055,0.209026306,0.252020988,0.673390616,0.823336709,0.57717751,0.547546927,0.552958918,0.454628513,0.389486785,0.314741936,0.198291641
400,잠실4동,0.372181324,0.517635007,0.360657138,0.223330074,0.27477991,0.431454256,0.554180968,0.370003319,0.390340815,0.324285488,0.262111503,0.338105963,0.305064063
401,잠실6동,0.233210866,0.232663314,0.235454919,0.198770652,0.274582245,0.32679949,0.351606504,0.340022718,0.387171565,0.321470109,0.344490336,0.413030399,0.183038438
402,잠실7동,0.088094295,0.098078212,0.127070909,0.141847878,0.172923498,0.143109118,0.18318013,0.21032848,0.237799204,0.2590349,0.311697795,0.327096385,0.030506406
403,잠실2동,0.4742751,0.80805549,0.895903298,0.600672974,0.453444415,0.566493596,1.123788477,0.600076794,0.456692302,0.433469726,0.338707757,0.436793297,0.457596095
404,잠실3동,0.469153339,0.557683611,0.549394811,0.445742039,0.544321166,0.618982669,0.796976209,0.66711406,0.754856098,0.665648571,0.500501959,0.569204755,0.213544844
405,장지동,0.430227953,0.350902047,0.34197024,0.372752354,0.554661401,0.645331268,0.621571362,0.64223107,0.603547273,0.49232141,0.513753812,0.732205818,0.076266016
406,위례동,0.73616783,0.697172623,0.56060695,0.336257511,0.358668518,0.656523011,0.72619978,0.408181119,0.332201726,0.240334436,0.211609466,0.367647215,0.04575961
407,강일동,0.297403608,0.450342456,0.659914467,0.455152659,0.533102247,0.443709151,0.69607992,0.630865436,0.606595182,0.586169733,0.70118458,0.679847668,0.228798048
408,상일동,0.625879236,0.624158843,0.466905503,0.341307112,0.475504814,0.702152487,0.720937704,0.60626634,0.614964269,0.388486707,0.305132113,0.417463882,0.122025625
409,명일1동,0.338377699,0.316029794,0.312071202,0.327305946,0.442496534,0.547288974,0.542098444,0.522192167,0.568254831,0.438523033,0.414569075,0.526363053,0.167785235
410,명일2동,0.120873568,0.230483798,0.323817253,0.305730379,0.288943776,0.24484131,0.391190239,0.351839238,0.387795239,0.262689996,0.256003472,0.398533338,0.091519219
411,고덕1동,0.400863188,0.560408005,0.547526122,0.323633509,0.34106523,0.498106552,0.69329385,0.447837452,0.432345585,0.303211858,0.341779707,0.569603625,0.396583282
412,고덕2동,0.369791169,0.358530352,0.259480931,0.20749269,0.306573802,0.476352411,0.451213874,0.405676733,0.43251255,0.302757479,0.27535135,0.37516931,0.061012813
413,암사2동,0.271794802,0.179265176,0.134812624,0.12807624,0.267260328,0.383064794,0.312196961,0.285813877,0.305858096,0.313943473,0.247064471,0.196178057,0.183038438
414,암사3동,0.267697393,0.351174487,0.272828716,0.211853708,0.264410863,0.346818969,0.415286959,0.33928753,0.376662967,0.295397206,0.240546955,0.367100086,0.122025625
415,천호1동,0.264624336,0.215772066,0.204221103,0.255693425,0.507748824,0.545267761,0.529088144,0.600717842,0.701843038,0.641597462,0.54112524,0.614040809,0.213544844
416,천호3동,0.258136772,0.183351768,0.150029098,0.190507669,0.54161202,0.630256406,0.497988969,0.576006086,0.64109722,0.585892461,0.536848404,0.497619543,0.213544844
417,성내1동,0.254039362,0.233753072,0.220238445,0.221264328,0.358065019,0.436741323,0.434758768,0.386394125,0.414971786,0.364713979,0.312384565,0.367647215,0.076266016
418,성내2동,0.207260609,0.157742458,0.150296054,0.163652973,0.521253989,0.577920386,0.462124731,0.522268526,0.591181744,0.534272605,0.453264829,0.423641107,0.259304454
419,성내3동,0.230820711,0.181989571,0.206089793,0.257529643,0.486990419,0.470473715,0.466970218,0.50961672,0.516018553,0.473911802,0.364404495,0.348716671,0.167785235
420,둔촌1동,0,0.001634637,0.001334778,0.000918109,0.002877585,0.003308649,0.007009936,0.004154562,0.009157818,0.011097995,0.009637777,0.048471796,0.122025625
421,둔촌2동,0.290916044,0.289875604,0.265887868,0.307566597,0.510824765,0.525790664,0.512492263,0.577468059,0.631967585,0.490701383,0.482370828,0.513609734,0.183038438
422,암사1동,0.36569376,0.337280073,0.3283555,0.354160642,0.647793999,0.722634838,0.727208231,0.77777369,0.802608898,0.750958807,0.653598136,0.638350838,0.366076876
423,천호2동,0.346231067,0.246830167,0.226645381,0.254545788,0.652438276,0.833038629,0.660018589,0.777278671,0.809658502,0.782512533,0.634346737,0.770465778,0.366076876
424,길동,0.42476474,0.389860892,0.364928429,0.411771997,0.929118635,0.997397135,0.878320013,0.978159514,1.111398816,0.933643704,0.823632564,0.916827167,0.350823673
