,자치구,동,공원수,유치원,초등학교,중학교,고등학교,특수학교,학원,여가시설,음식점,의료시설,공기오염도,cctv,노인복지시설,체육시설,공공도서관
3,종로구,사직동,5.452948557,0.925972396,0.720200753,0.462986198,0.771643664,0.205771644,41,25,678,39,0.091982161,99.02760351,3.90966123,0.874529486,0.360100376
4,종로구,삼청동,6.60560435,1.121706399,0.87243831,0.560853199,0.934755332,0.249268089,11,2,317,11,0.111425545,119.9602677,4.736093685,1.059389377,0.436219155
5,종로구,부암동,10.06357173,1.708908407,1.329150983,0.854454203,1.424090339,0.379757424,41,6,180,11,0.169755696,182.7582601,7.21539105,1.613969051,0.664575491
6,종로구,평창동,39.32329569,6.677540778,5.193642827,3.338770389,5.564617315,1.483897951,61,13,214,20,0.663318513,714.1258887,28.19406106,6.30656629,2.596821414
7,종로구,무악동,1.595984944,0.271016311,0.210790464,0.135508156,0.225846926,0.060225847,24,6,64,16,0.026921608,28.98368883,1.144291092,0.255959849,0.105395232
8,종로구,교남동,1.551652028,0.26348808,0.204935174,0.13174404,0.2195734,0.058552907,12,8,140,20,0.026173786,28.17858637,1.112505228,0.248849854,0.102467587
9,종로구,가회동,2.393977415,0.406524467,0.316185696,0.203262233,0.338770389,0.09033877,17,10,233,10,0.040382412,43.47553325,1.716436637,0.383939774,0.158092848
10,종로구,종로1.2.3.4가동,10.41823505,1.769134253,1.375993308,0.884567127,1.474278545,0.393140945,192,132,1938,140,0.175738276,189.1990799,7.469677959,1.670849017,0.687996654
11,종로구,종로5·6가동,2.659974906,0.451693852,0.35131744,0.225846926,0.376411543,0.100376412,,,,,0.044869347,48.30614806,1.907151819,0.426599749,0.17565872
12,종로구,이화동,3.457967378,0.587202008,0.456712673,0.293601004,0.489335006,0.130489335,36,44,429,30,0.058330151,62.79799247,2.479297365,0.554579674,0.228356336
13,종로구,창신1동,1.374320368,0.233375157,0.181514011,0.116687578,0.194479297,0.051861146,26,13,181,20,0.023182496,24.9581765,0.985361773,0.22040987,0.090757005
14,종로구,창신2동,1.152655793,0.195734003,0.152237558,0.097867001,0.163111669,0.043496445,10,12,90,11,0.019443384,20.93266416,0.826432455,0.184859891,0.076118779
15,종로구,창신3동,1.019657047,0.17314931,0.134671685,0.086574655,0.144291092,0.038477624,11,,20,4,0.017199916,18.51735675,0.731074864,0.163529904,0.067335843
16,종로구,숭인1동,1.019657047,0.17314931,0.134671685,0.086574655,0.144291092,0.038477624,15,2,77,12,0.017199916,18.51735675,0.731074864,0.163529904,0.067335843
17,종로구,숭인2동,1.551652028,0.26348808,0.204935174,0.13174404,0.2195734,0.058552907,30,17,177,20,0.026173786,28.17858637,1.112505228,0.248849854,0.102467587
18,종로구,청운효자동,11.39355918,1.934755332,1.504809703,0.967377666,1.61229611,0.429945629,31,5,244,13,0.19219037,206.9113342,8.168966959,1.827268925,0.752404852
19,종로구,혜화동,4.965286491,0.843161857,0.655792555,0.421580928,0.702634881,0.187369302,52,34,547,28,0.083756114,90.17147637,3.560016729,0.796319532,0.327896278
21,중구,소공동,6.962851406,1.239959839,1.144578313,0.763052209,1.144578313,0,25,19,758,52,0.177077877,120.1807229,5.055220884,2.1937751,0.476907631
22,중구,회현동,6.156626506,1.096385542,1.012048193,0.674698795,1.012048193,0,15,30,658,74,0.156574123,106.2650602,4.469879518,1.939759036,0.421686747
23,중구,명동,7.256024096,1.292168675,1.192771084,0.795180723,1.192771084,0,42,67,1348,163,0.184533787,125.2409639,5.268072289,2.286144578,0.496987952
24,중구,필동,8.355421687,1.487951807,1.373493976,0.915662651,1.373493976,0,23,22,319,24,0.212493452,144.2168675,6.06626506,2.63253012,0.572289157
25,중구,장충동,9.967871486,1.775100402,1.638554217,1.092369478,1.638554217,0,9,12,169,6,0.25350096,172.0481928,7.236947791,3.140562249,0.682730924
26,중구,광희동,5.423694779,0.965863454,0.891566265,0.59437751,0.891566265,0,23,29,568,43,0.137934346,93.61445783,3.937751004,1.708835341,0.371485944
27,중구,을지로동,4.397590361,0.78313253,0.722891566,0.481927711,0.722891566,0,18,21,340,21,0.111838659,75.90361446,3.192771084,1.385542169,0.301204819
28,중구,신당5동,2.858433735,0.509036145,0.469879518,0.313253012,0.469879518,0,17,8,164,17,0.072695128,49.3373494,2.075301205,0.90060241,0.195783133
29,중구,황학동,2.418674699,0.430722892,0.397590361,0.265060241,0.397590361,0,5,10,152,14,0.061511262,41.74698795,1.756024096,0.762048193,0.165662651
30,중구,중림동,3.518072289,0.626506024,0.578313253,0.385542169,0.578313253,0,17,8,151,25,0.089470927,60.72289157,2.554216867,1.108433735,0.240963855
31,중구,신당동,4.031124498,0.717871486,0.662650602,0.441767068,0.662650602,0,28,26,264,18,0.102518771,69.57831325,2.926706827,1.270080321,0.276104418
32,중구,다산동,3.737951807,0.665662651,0.614457831,0.409638554,0.614457831,0,37,25,209,40,0.09506286,64.51807229,2.713855422,1.177710843,0.256024096
33,중구,약수동,3.518072289,0.626506024,0.578313253,0.385542169,0.578313253,0,67,21,172,51,0.089470927,60.72289157,2.554216867,1.108433735,0.240963855
34,중구,청구동,2.491967871,0.4437751,0.409638554,0.273092369,0.409638554,0,50,11,106,16,0.06337524,43.01204819,1.809236948,0.785140562,0.170682731
35,중구,동화동,1.90562249,0.33935743,0.313253012,0.208835341,0.313253012,0,37,15,82,15,0.048463419,32.89156627,1.383534137,0.600401606,0.130522088
37,용산구,후암동,4.325560128,0.668495656,0.589849108,0.353909465,0.393232739,0,31,3,128,15,0.072748057,93.55006859,4.364883402,1.179698217,0.157293096
38,용산구,용산2가동,9.858253315,1.52354824,1.34430727,0.806584362,0.896204847,0,15,11,159,6,0.165797897,213.2071331,9.9478738,2.68861454,0.358481939
39,용산구,남영동,5.985368084,0.925011431,0.816186557,0.489711934,0.544124371,0,38,43,359,41,0.100663009,129.4471879,6.039780521,1.632373114,0.217649749
40,용산구,원효로2동,3.571101966,0.551897577,0.48696845,0.29218107,0.324645633,0,31,17,79,6,0.060059442,77.23319616,3.603566529,0.9739369,0.129858253
41,용산구,효창동,2.213077275,0.342021033,0.301783265,0.181069959,0.201188843,0,28,2,60,14,0.037219936,47.86282579,2.233196159,0.603566529,0.080475537
42,용산구,용문동,1.408321902,0.217649749,0.192043896,0.115226337,0.128029264,0,23,5,95,13,0.023685414,30.45816187,1.421124829,0.384087791,0.051211706
43,용산구,이촌1동,14.38500229,2.223136717,1.961591221,1.176954733,1.307727481,0,70,10,279,64,0.241929584,311.1083676,14.51577503,3.923182442,0.523090992
44,용산구,이촌2동,6.136259717,0.948331047,0.836762689,0.502057613,0.557841792,0,10,1,46,4,0.103200732,132.7105624,6.192043896,1.673525377,0.223136717
45,용산구,이태원1동,2.866941015,0.443072702,0.390946502,0.234567901,0.260631001,0,26,25,800,13,0.048216735,62.00411523,2.893004115,0.781893004,0.104252401
46,용산구,이태원2동,4.325560128,0.668495656,0.589849108,0.353909465,0.393232739,0,24,9,472,11,0.072748057,93.55006859,4.364883402,1.179698217,0.157293096
47,용산구,서빙고동,14.08321902,2.176497485,1.920438957,1.152263374,1.280292638,0,16,2,68,7,0.236854138,304.5816187,14.21124829,3.840877915,0.512117055
48,용산구,보광동,3.571101966,0.551897577,0.48696845,0.29218107,0.324645633,0,31,11,150,26,0.060059442,77.23319616,3.603566529,0.9739369,0.129858253
49,용산구,청파동,4.577046182,0.707361683,0.624142661,0.374485597,0.416095107,0,46,9,246,23,0.076977595,98.98902606,4.618655693,1.248285322,0.166438043
50,용산구,원효로1동,2.967535437,0.458619113,0.404663923,0.242798354,0.269775949,0,39,45,264,24,0.049908551,64.17969822,2.994513032,0.809327846,0.10791038
51,용산구,한강로동,14.58619113,2.254229538,1.989026063,1.193415638,1.326017375,0,27,102,591,56,0.245313214,315.4595336,14.71879287,3.978052126,0.53040695
52,용산구,한남동,15.13946045,2.339734797,2.064471879,1.238683128,1.376314586,0,36,51,881,39,0.254618198,327.4252401,15.27709191,4.128943759,0.550525834
54,성동구,왕십리2동,2.091340451,0.729537367,0.486358244,0.267497034,0.170225386,0,65,16,100,37,0.050909021,62.10794781,4.352906287,1.288849348,0.145907473
55,성동구,마장동,5.355871886,1.868327402,1.245551601,0.685053381,0.43594306,0,40,18,148,18,0.13037676,159.0569395,11.14768683,3.300711744,0.37366548
56,성동구,사근동,5.610913405,1.957295374,1.304863582,0.71767497,0.456702254,0,23,30,386,5,0.136585177,166.6310795,11.67852906,3.457888493,0.391459075
57,성동구,행당1동,3.009489917,1.049822064,0.699881376,0.384934757,0.244958482,0,43,16,227,45,0.073259322,89.37485172,6.263938316,1.854685647,0.209964413
58,성동구,행당2동,2.142348754,0.747330961,0.498220641,0.274021352,0.174377224,0,67,4,88,48,0.052150704,63.6227758,4.459074733,1.320284698,0.149466192
59,성동구,응봉동,2.90747331,1.014234875,0.676156584,0.371886121,0.236654804,0,36,2,32,15,0.070775955,86.34519573,6.051601423,1.791814947,0.202846975
60,성동구,금호1가동,2.346381969,0.818505338,0.545670225,0.300118624,0.190984579,0,55,7,67,23,0.057117438,69.68208778,4.883748517,1.446026097,0.163701068
61,성동구,금호4가동,4.284697509,1.494661922,0.996441281,0.548042705,0.348754448,0,49,17,142,25,0.104301408,127.2455516,8.918149466,2.640569395,0.298932384
62,성동구,성수1가1동,10.09964413,3.523131673,2.348754448,1.291814947,0.822064057,0,43,7,135,14,0.245853319,299.9359431,21.02135231,6.224199288,0.704626335
63,성동구,성수1가2동,4.539739027,1.583629893,1.055753262,0.580664294,0.369513642,0,38,26,315,18,0.110509825,134.8196916,9.448991696,2.797746145,0.316725979
64,성동구,성수2가1동,6.018979834,2.099644128,1.399762752,0.769869514,0.489916963,0,23,18,298,27,0.146518645,178.7497034,12.52787663,3.709371293,0.419928826
65,성동구,성수2가3동,5.253855279,1.832740214,1.221826809,0.672004745,0.427639383,0,24,40,410,46,0.127893393,156.0272835,10.93534994,3.237841044,0.366548043
66,성동구,송정동,3.825622776,1.334519573,0.889679715,0.489323843,0.3113879,0,16,9,72,8,0.093126257,113.6120996,7.962633452,2.357651246,0.266903915
67,성동구,용답동,11.83392645,4.128113879,2.752075919,1.513641756,0.963226572,0,40,18,236,28,0.288070555,351.4400949,24.63107948,7.293001186,0.825622776
68,성동구,왕십리도선동,3.672597865,1.28113879,0.854092527,0.46975089,0.298932384,0,47,40,389,47,0.089401207,109.0676157,7.644128114,2.263345196,0.256227758
69,성동구,금호2.3가동,3.264531435,1.138790036,0.759193357,0.417556346,0.265717675,0,53,15,218,37,0.079467739,96.9489917,6.794780546,2.011862396,0.227758007
70,성동구,옥수동,9.946619217,3.46975089,2.31316726,1.272241993,0.809608541,0,80,5,153,42,0.242128269,295.3914591,20.70284698,6.129893238,0.693950178
72,광진구,화양동,4.07971864,2.515826495,1.495896835,0.815943728,0.611957796,0.067995311,100,227,1297,80,0.130077986,83.4982415,7.343493552,2.107854631,0.271981243
73,광진구,군자동,2.602579132,1.604923798,0.954279015,0.520515826,0.39038687,0.043376319,124,106,629,62,0.082980784,53.26611958,4.684642438,1.344665885,0.173505275
74,광진구,중곡1동,2.180539273,1.344665885,0.799531067,0.436107855,0.327080891,0.036342321,58,55,452,71,0.069524441,44.62837046,3.924970692,1.126611958,0.145369285
75,광진구,중곡2동,1.934349355,1.192848769,0.70926143,0.386869871,0.290152403,0.032239156,160,89,468,96,0.061674907,39.58968347,3.481828839,0.999413834,0.128956624
76,광진구,중곡3동,2.110199297,1.301289566,0.773739742,0.422039859,0.316529894,0.035169988,31,15,172,26,0.067281717,43.1887456,3.798358734,1.090269637,0.140679953
77,광진구,중곡4동,8.15943728,5.031652989,2.991793669,1.631887456,1.223915592,0.135990621,137,64,413,79,0.260155971,166.996483,14.6869871,4.215709261,0.543962485
78,광진구,능동,3.86869871,2.385697538,1.41852286,0.773739742,0.580304807,0.064478312,59,47,263,42,0.123349814,79.17936694,6.963657679,1.998827667,0.257913247
79,광진구,구의1동,1.969519343,1.214536928,0.722157093,0.393903869,0.295427902,0.032825322,98,79,483,62,0.062796269,40.3094959,3.545134818,1.017584994,0.13130129
80,광진구,구의2동,4.88862837,3.014654162,1.792497069,0.977725674,0.733294256,0.08147714,145,71,363,61,0.15586931,100.0539273,8.799531067,2.525791325,0.325908558
81,광진구,구의3동,3.587338804,2.212192263,1.315357562,0.717467761,0.538100821,0.05978898,212,61,448,71,0.114378918,73.42086753,6.457209848,1.853458382,0.23915592
82,광진구,광장동,8.405627198,5.183470106,3.082063306,1.68112544,1.26084408,0.140093787,173,30,318,59,0.268005505,172.03517,15.13012896,4.342907386,0.560375147
83,광진구,자양1동,2.004689332,1.236225088,0.735052755,0.400937866,0.3007034,0.033411489,92,34,278,54,0.063917631,41.02930832,3.608440797,1.035756155,0.133645955
84,광진구,자양2동,5.90855803,3.643610785,2.166471278,1.181711606,0.886283705,0.098475967,126,29,164,41,0.188388807,120.9284877,10.63540445,3.052754982,0.393903869
85,광진구,자양3동,4.220398593,2.602579132,1.547479484,0.844079719,0.633059789,0.070339977,253,31,492,74,0.134563433,86.37749121,7.596717468,2.180539273,0.281359906
86,광진구,자양4동,4.07971864,2.515826495,1.495896835,0.815943728,0.611957796,0.067995311,80,90,572,60,0.130077986,83.4982415,7.343493552,2.107854631,0.271981243
88,동대문구,회기동,5.077355837,1.76371308,1.122362869,0.801687764,0.58790436,0,52,51,518,21,0.101547117,83.10829817,8.123769339,0.694796062,0.267229255
89,동대문구,휘경1동,4.208860759,1.462025316,0.930379747,0.664556962,0.487341772,0,58,22,289,41,0.084177215,68.89240506,6.734177215,0.575949367,0.221518987
90,동대문구,휘경2동,7.014767932,2.436708861,1.550632911,1.107594937,0.812236287,0,62,16,174,29,0.140295359,114.8206751,11.22362869,0.959915612,0.369198312
91,동대문구,청량리동,8.016877637,2.784810127,1.772151899,1.265822785,0.928270042,0,41,33,327,56,0.160337553,131.2236287,12.82700422,1.097046414,0.421940928
92,동대문구,용신동,10.7559775,3.73628692,2.377637131,1.698312236,1.245428973,0,70,47,473,92,0.21511955,176.0583685,17.20956399,1.471870605,0.566104079
93,동대문구,제기동,7.88326301,2.738396624,1.742616034,1.244725738,0.912798875,0,72,24,547,563,0.15766526,129.0365682,12.61322082,1.078762307,0.414908579
94,동대문구,전농1동,7.950070323,2.761603376,1.757383966,1.255274262,0.920534459,0,65,35,522,52,0.159001406,130.1300985,12.72011252,1.08790436,0.418424754
95,동대문구,전농2동,5.745428973,1.995780591,1.270042194,0.907172996,0.665260197,0,75,18,134,28,0.114908579,94.04360056,9.192686357,0.786216596,0.302390999
96,동대문구,답십리1동,5.411392405,1.879746835,1.196202532,0.85443038,0.626582278,0,49,22,213,40,0.108227848,88.57594937,8.658227848,0.740506329,0.284810127
97,동대문구,답십리2동,5.67862166,1.97257384,1.255274262,0.896624473,0.657524613,0,55,21,156,21,0.113572433,92.95007032,9.085794655,0.777074543,0.298874824
98,동대문구,장안1동,8.350914205,2.900843882,1.845991561,1.318565401,0.966947961,0,110,64,551,76,0.167018284,136.6912799,13.36146273,1.142756681,0.4395218
99,동대문구,장안2동,7.281997187,2.529535865,1.609704641,1.14978903,0.843178622,0,207,59,537,64,0.145639944,119.1947961,11.6511955,0.996483826,0.38326301
100,동대문구,이문1동,6.947960619,2.41350211,1.535864979,1.097046414,0.804500703,0,80,63,497,51,0.138959212,113.7271449,11.11673699,0.950773558,0.365682138
101,동대문구,이문2동,4.609704641,1.601265823,1.018987342,0.727848101,0.533755274,0,55,8,126,21,0.092194093,75.4535865,7.375527426,0.630801688,0.242616034
103,중랑구,면목2동,3.985405405,1.262702703,0.907567568,0.552432432,0.394594595,0,60,21,199,35,0.070555229,41.55081081,5.603243243,0.868108108,0.197297297
104,중랑구,면목4동,6.005405405,1.902702703,1.367567568,0.832432432,0.594594595,0,37,10,101,12,0.106316099,62.61081081,8.443243243,1.308108108,0.297297297
105,중랑구,면목5동,3.494054054,1.107027027,0.795675676,0.484324324,0.345945946,0,17,15,98,8,0.061856639,36.42810811,4.912432432,0.761081081,0.172972973
106,중랑구,면목7동,4.74972973,1.504864865,1.081621622,0.658378378,0.47027027,0,37,18,148,21,0.084086369,49.51945946,6.677837838,1.034594595,0.235135135
107,중랑구,상봉1동,4.640540541,1.47027027,1.056756757,0.643243243,0.459459459,0,34,8,120,23,0.082153349,48.38108108,6.524324324,1.010810811,0.22972973
108,중랑구,상봉2동,3.712432432,1.176216216,0.845405405,0.514594595,0.367567568,0,20,62,371,38,0.065722679,38.70486486,5.219459459,0.808648649,0.183783784
109,중랑구,중화1동,3.712432432,1.176216216,0.845405405,0.514594595,0.367567568,0,78,6,118,33,0.065722679,38.70486486,5.219459459,0.808648649,0.183783784
110,중랑구,중화2동,5.35027027,1.695135135,1.218378378,0.741621622,0.52972973,0,37,37,368,42,0.094717979,55.78054054,7.522162162,1.165405405,0.264864865
111,중랑구,묵1동,6.551351351,2.075675676,1.491891892,0.908108108,0.648648649,0,55,15,208,29,0.115981199,68.3027027,9.210810811,1.427027027,0.324324324
112,중랑구,묵2동,3.821621622,1.210810811,0.87027027,0.52972973,0.378378378,0,49,22,189,35,0.067655699,39.84324324,5.372972973,0.832432432,0.189189189
113,중랑구,망우3동,5.404864865,1.712432432,1.230810811,0.749189189,0.535135135,0,56,9,168,16,0.095684489,56.34972973,7.598918919,1.177297297,0.267567568
114,중랑구,신내1동,13.81243243,4.376216216,3.145405405,1.914594595,1.367567568,0,115,19,223,29,0.244527027,144.0048649,19.41945946,3.008648649,0.683783784
115,중랑구,신내2동,5.404864865,1.712432432,1.230810811,0.749189189,0.535135135,0,60,6,90,26,0.095684489,56.34972973,7.598918919,1.177297297,0.267567568
116,중랑구,면목본동,5.514054054,1.747027027,1.255675676,0.764324324,0.545945946,0,72,37,360,43,0.097617509,57.48810811,7.752432432,1.201081081,0.272972973
117,중랑구,면목3.8동,9.117297297,2.888648649,2.076216216,1.263783784,0.902702703,0,73,48,361,34,0.161407168,95.05459459,12.81837838,1.985945946,0.451351351
118,중랑구,망우본동,15.72324324,4.981621622,3.580540541,2.179459459,1.556756757,0,84,55,503,75,0.278354877,163.9264865,22.10594595,3.424864865,0.778378378
120,성북구,돈암1동,2.652421652,1.096866097,0.578347578,0.358974359,0.259259259,0.01994302,45,3,36,9,0.039517528,44.29344729,3.789173789,0.478632479,0.239316239
121,성북구,돈암2동,2.598290598,1.074481074,0.566544567,0.351648352,0.253968254,0.01953602,18,,15,8,0.038711047,43.38949939,3.711843712,0.468864469,0.234432234
122,성북구,안암동,7.199430199,2.977207977,1.56980057,0.974358974,0.703703704,0.054131054,41,34,493,32,0.107261861,120.2250712,10.28490028,1.299145299,0.64957265
123,성북구,보문동,3.031339031,1.253561254,0.660968661,0.41025641,0.296296296,0.022792023,34,14,162,29,0.045162889,50.62108262,4.33048433,0.547008547,0.273504274
124,성북구,정릉1동,2.381766382,0.984940985,0.519332519,0.322344322,0.232804233,0.017908018,65,8,114,19,0.035485127,39.77370777,3.402523403,0.42979243,0.214896215
125,성북구,정릉2동,6.333333333,2.619047619,1.380952381,0.857142857,0.619047619,0.047619048,67,13,158,26,0.094358178,105.7619048,9.047619048,1.142857143,0.571428571
126,성북구,정릉3동,20.08262108,8.304843305,4.378917379,2.717948718,1.962962963,0.150997151,26,9,219,5,0.299204137,335.3646724,28.68945869,3.623931624,1.811965812
127,성북구,정릉4동,16.94301994,7.006512007,3.694342694,2.293040293,1.656084656,0.127391127,58,16,176,41,0.252428288,282.9356939,24.2043142,3.057387057,1.528693529
128,성북구,길음1동,4.276353276,1.768416768,0.932437932,0.578754579,0.417989418,0.032153032,123,23,270,78,0.063711932,71.41188441,6.109076109,0.771672772,0.385836386
129,성북구,길음2동,3.13960114,1.298331298,0.684574685,0.424908425,0.306878307,0.023606024,68,26,263,28,0.046775849,52.42897843,4.485144485,0.566544567,0.283272283
130,성북구,월곡1동,4.384615385,1.813186813,0.956043956,0.593406593,0.428571429,0.032967033,68,4,184,48,0.065324892,73.21978022,6.263736264,0.791208791,0.395604396
131,성북구,월곡2동,7.361823362,3.044363044,1.605209605,0.996336996,0.71957672,0.055352055,39,14,194,39,0.109681301,122.9369149,10.51689052,1.328449328,0.664224664
132,성북구,장위1동,3.789173789,1.566951567,0.826210826,0.512820513,0.37037037,0.028490028,37,8,143,19,0.056453611,63.27635328,5.413105413,0.683760684,0.341880342
133,성북구,장위2동,3.626780627,1.4997965,0.790801791,0.490842491,0.354497354,0.027269027,37,11,212,30,0.05403417,60.56450956,5.181115181,0.654456654,0.327228327
134,성북구,장위3동,3.518518519,1.455026455,0.767195767,0.476190476,0.343915344,0.026455026,31,5,76,16,0.05242121,58.75661376,5.026455026,0.634920635,0.317460317
135,성북구,성북동,15.48148148,6.402116402,3.375661376,2.095238095,1.513227513,0.116402116,53,12,258,41,0.230653324,258.5291005,22.11640212,2.793650794,1.396825397
136,성북구,삼선동,4.98005698,2.059422059,1.085877086,0.673992674,0.486772487,0.037444037,110,33,438,79,0.074196174,83.16320716,7.114367114,0.898656899,0.449328449
137,성북구,동선동,3.951566952,1.634106634,0.861619862,0.534798535,0.386243386,0.02971103,103,50,528,62,0.058873051,65.98819699,5.645095645,0.713064713,0.356532357
138,성북구,종암동,7.903133903,3.268213268,1.723239723,1.06959707,0.772486772,0.059422059,157,36,288,67,0.117746103,131.976394,11.29019129,1.426129426,0.713064713
139,성북구,석관동,9.364672365,3.872608873,2.041921042,1.267399267,0.915343915,0.07041107,66,15,364,36,0.139521067,156.3829874,13.37810338,1.68986569,0.844932845
141,강북구,번1동,2.293220339,0.671186441,0.391525424,0.363559322,0.195762712,0.083898305,28,35,245,37,0.047572771,26.4559322,3.272033898,0.419491525,0.195762712
142,강북구,번2동,3.300847458,0.966101695,0.563559322,0.523305085,0.281779661,0.120762712,21,7,61,11,0.068475958,38.08050847,4.709745763,0.603813559,0.281779661
143,강북구,번3동,3.822033898,1.118644068,0.652542373,0.605932203,0.326271186,0.139830508,23,7,61,12,0.079287951,44.09322034,5.453389831,0.699152542,0.326271186
144,강북구,수유1동,5.802542373,1.698305085,0.990677966,0.919915254,0.495338983,0.212288136,30,12,181,16,0.120373526,66.94152542,8.279237288,1.061440678,0.495338983
145,강북구,수유2동,1.980508475,0.579661017,0.338135593,0.313983051,0.169067797,0.072457627,66,22,240,31,0.041085575,22.84830508,2.825847458,0.362288136,0.169067797
146,강북구,수유3동,2.501694915,0.73220339,0.427118644,0.396610169,0.213559322,0.091525424,26,75,568,46,0.051897568,28.86101695,3.569491525,0.457627119,0.213559322
147,강북구,삼양동,3.161864407,0.925423729,0.539830508,0.501271186,0.269915254,0.115677966,50,9,121,26,0.06559276,36.47711864,4.511440678,0.578389831,0.269915254
148,강북구,미아동,3.231355932,0.945762712,0.551694915,0.512288136,0.275847458,0.118220339,27,19,273,38,0.067034359,37.27881356,4.61059322,0.591101695,0.275847458
149,강북구,송중동,3.509322034,1.027118644,0.599152542,0.556355932,0.299576271,0.128389831,72,42,479,65,0.072800755,40.48559322,5.00720339,0.641949153,0.299576271
150,강북구,송천동,3.127118644,0.915254237,0.533898305,0.495762712,0.266949153,0.11440678,53,19,403,54,0.06487196,36.07627119,4.461864407,0.572033898,0.266949153
151,강북구,삼각산동,2.154237288,0.630508475,0.36779661,0.341525424,0.183898305,0.078813559,41,7,87,23,0.044689573,24.85254237,3.073728814,0.394067797,0.183898305
152,강북구,우이동,35.71864407,10.45423729,6.098305085,5.662711864,3.049152542,1.306779661,21,20,268,18,0.740981945,412.0711864,50.96440678,6.533898305,3.049152542
153,강북구,인수동,11.39661017,3.33559322,1.945762712,1.806779661,0.972881356,0.416949153,55,10,180,19,0.236422255,131.4779661,16.26101695,2.084745763,0.972881356
155,도봉구,쌍문1동,4.741529526,1.860600194,1.380445305,0.780251694,0.600193611,0.060019361,55,6,157,22,0.121539206,53.95740561,8.942884802,1.740561471,0.420135528
156,도봉구,쌍문2동,2.064859632,0.810261375,0.601161665,0.339787028,0.261374637,0.026137464,76,17,195,36,0.052928364,23.49757986,3.894482091,0.757986447,0.182962246
157,도봉구,쌍문3동,1.911907067,0.750242014,0.556631171,0.314617619,0.242013553,0.024201355,57,7,157,29,0.049007744,21.75701839,3.606001936,0.701839303,0.169409487
158,도봉구,쌍문4동,1.988383349,0.780251694,0.578896418,0.327202323,0.251694095,0.025169409,103,5,75,10,0.050968054,22.62729913,3.750242014,0.729912875,0.176185866
159,도봉구,방학1동,2.638431752,1.035333979,0.768151016,0.434172314,0.333978703,0.03339787,64,42,424,52,0.067630687,30.02468538,4.976282672,0.968538238,0.233785092
160,도봉구,방학2동,2.829622459,1.11035818,0.823814134,0.465634076,0.358180058,0.035818006,52,11,159,18,0.072531462,32.20038722,5.336882865,1.038722168,0.250726041
161,도봉구,방학3동,10.09486931,3.961277832,2.939012585,1.661181026,1.277831559,0.127783156,89,7,106,24,0.258760891,114.8770571,19.03969022,3.70571152,0.894482091
162,도봉구,창1동,3.364956438,1.320425944,0.979670862,0.553727009,0.425943853,0.042594385,43,16,124,32,0.08625363,38.29235237,6.346563408,1.235237173,0.298160697
163,도봉구,창2동,4.091481123,1.605517909,1.191190707,0.673281704,0.517909003,0.0517909,81,16,190,29,0.104876573,46.56001936,7.716844143,1.501936108,0.362536302
164,도봉구,창3동,2.56195547,1.005324298,0.74588577,0.421587609,0.324298161,0.032429816,40,12,201,24,0.065670378,29.15440465,4.832042594,0.940464666,0.227008712
165,도봉구,창4동,3.670861568,1.440464666,1.068731849,0.604065828,0.464666021,0.046466602,87,15,158,32,0.094094869,41.77347531,6.923523717,1.347531462,0.325266215
166,도봉구,창5동,2.676669894,1.050338819,0.77928364,0.440464666,0.338818974,0.033881897,97,23,192,52,0.068610842,30.45982575,5.048402711,0.982575024,0.237173282
167,도봉구,도봉1동,33.34365924,13.08422072,9.707647628,5.486931268,4.22071636,0.422071636,42,34,341,33,0.854695063,379.4424008,62.88867377,12.24007744,2.954501452
168,도봉구,도봉2동,3.173765731,1.245401742,0.924007744,0.522265247,0.401742498,0.04017425,45,9,217,18,0.081352856,36.11665053,5.985963214,1.165053243,0.281219748
170,노원구,월계1동,5.924379233,2.291196388,1.374717833,0.851015801,0.818284424,0.065462754,59,33,346,42,0.063221366,51.58465011,8.641083521,1.309255079,0.360045147
171,노원구,월계2동,9.908013544,3.831828442,2.299097065,1.423250564,1.368510158,0.109480813,40,4,125,19,0.105732285,86.27088036,14.45146727,2.189616253,0.60214447
172,노원구,월계3동,5.975451467,2.310948081,1.386568849,0.858352144,0.8253386,0.066027088,77,6,101,36,0.063766378,52.02934537,8.715575621,1.320541761,0.363148984
173,노원구,공릉2동,34.83126411,13.47065463,8.082392777,5.003386005,4.810948081,0.384875847,93,38,340,26,0.371698032,303.282167,50.80361174,7.69751693,2.116817156
174,노원구,하계1동,7.916196388,3.061512415,1.836907449,1.137133183,1.093397291,0.087471783,48,5,159,23,0.084476825,68.92776524,11.5462754,1.749435666,0.481094808
175,노원구,하계2동,2.604683973,1.007336343,0.604401806,0.374153499,0.35976298,0.028781038,35,5,39,16,0.027795601,22.67945824,3.799097065,0.575620767,0.158295711
176,노원구,중계본동,10.06123025,3.891083521,2.334650113,1.445259594,1.389672686,0.111173815,184,13,181,34,0.10736732,87.60496614,14.67494357,2.223476298,0.611455982
177,노원구,중계1동,3.21755079,1.244356659,0.746613995,0.462189616,0.444413093,0.035553047,150,8,114,20,0.034335742,28.01580135,4.693002257,0.711060948,0.195541761
178,노원구,중계4동,8.68227991,3.35778781,2.014672686,1.24717833,1.199209932,0.095936795,69,19,239,37,0.092652002,75.59819413,12.66365688,1.918735892,0.52765237
179,노원구,상계1동,28.70259594,11.10045147,6.66027088,4.123024831,3.964446953,0.317155756,105,30,364,41,0.306296619,249.9187359,41.86455982,6.343115124,1.744356659
180,노원구,상계2동,3.115406321,1.204853273,0.722911964,0.44751693,0.43030474,0.034424379,72,54,547,60,0.033245718,27.12641084,4.544018059,0.688487585,0.189334086
181,노원구,상계5동,2.24717833,0.869074492,0.521444695,0.322799097,0.310383747,0.0248307,77,18,195,25,0.023980518,19.56659142,3.27765237,0.496613995,0.136568849
182,노원구,상계8동,3.421839729,1.323363431,0.794018059,0.491534989,0.472629797,0.037810384,81,5,92,29,0.036515789,29.79458239,4.990970655,0.756207675,0.207957111
183,노원구,상계9동,4.136851016,1.599887133,0.95993228,0.594243792,0.571388262,0.045711061,58,6,53,25,0.044145954,36.02031603,6.033860045,0.914221219,0.251410835
184,노원구,상계10동,4.085778781,1.58013544,0.948081264,0.586907449,0.564334086,0.045146727,52,5,35,7,0.043600942,35.57562077,5.959367946,0.902934537,0.248306998
185,노원구,상계3.4동,28.70259594,11.10045147,6.66027088,4.123024831,3.964446953,0.317155756,62,25,217,34,0.306296619,249.9187359,41.86455982,6.343115124,1.744356659
186,노원구,상계6.7동,5.669018059,2.192437923,1.315462754,0.814334086,0.783013544,0.062641084,153,32,318,140,0.060496307,49.36117381,8.268623025,1.25282167,0.344525959
187,노원구,중계2.3동,4.596501129,1.77765237,1.066591422,0.66027088,0.634875847,0.050790068,95,14,290,67,0.04905106,40.02257336,6.704288939,1.015801354,0.279345372
188,노원구,공릉1동,7.201185102,2.784988713,1.670993228,1.034424379,0.994638826,0.079571106,72,37,474,61,0.076846661,62.7020316,10.503386,1.591422122,0.437641084
190,은평구,녹번동,7.83237967,3.012453719,1.867721306,1.084483339,1.084483339,0.060249074,66,15,324,30,0.128356724,150.9239313,10.84483339,1.385728711,0.481992595
191,은평구,불광1동,13.69572535,5.267586671,3.265903736,1.896331202,1.896331202,0.105351733,64,17,226,37,0.224444997,263.9060922,18.96331202,2.423089869,0.842813867
192,은평구,갈현1동,4.244362168,1.632446988,1.012117132,0.587680916,0.587680916,0.03264894,97,90,676,66,0.069556437,81.78559408,5.876809155,0.750925614,0.261191518
193,은평구,갈현2동,4.200605857,1.615617637,1.001682935,0.581622349,0.581622349,0.032312353,147,43,485,50,0.06883936,80.94244362,5.816223494,0.743184113,0.258498822
194,은평구,구산동,6.038370919,2.322450353,1.439919219,0.836082127,0.836082127,0.046449007,85,3,163,36,0.09895658,116.3547627,8.360821272,1.068327163,0.371592057
195,은평구,대조동,3.719286436,1.430494783,0.886906765,0.514978122,0.514978122,0.028609896,75,45,623,133,0.060951517,71.66778862,5.149781218,0.6580276,0.228879165
196,은평구,응암1동,5.250757321,2.019522046,1.252103669,0.727027937,0.727027937,0.040390441,98,23,345,74,0.0860492,101.1780545,7.270279367,0.928980141,0.323123527
197,은평구,응암2동,3.412992258,1.31268933,0.813867385,0.472568159,0.472568159,0.026253787,24,2,54,6,0.05593198,65.76573544,4.725681589,0.603837092,0.210030293
198,은평구,신사1동,3.675530125,1.413665433,0.876472568,0.508919556,0.508919556,0.028273309,61,22,154,22,0.06023444,70.82463817,5.089195557,0.650286099,0.226186469
199,은평구,신사2동,4.375631101,1.682935039,1.043419724,0.605856614,0.605856614,0.033658701,38,3,86,9,0.071707667,84.31504544,6.058566139,0.774150118,0.269269606
200,은평구,증산동,3.544261192,1.363177381,0.845169976,0.490743857,0.490743857,0.027263548,51,14,149,14,0.05808321,68.29518681,4.907438573,0.627061595,0.218108381
201,은평구,수색동,5.64456412,2.1709862,1.346011444,0.781555032,0.781555032,0.043419724,20,7,89,12,0.09250289,108.7664086,7.81555032,0.998653652,0.347357792
202,은평구,진관동,50.45102659,19.404241,12.03062942,6.985526759,6.985526759,0.38808482,212,9,514,78,0.826789399,972.1524739,69.85526759,8.925950858,3.104678559
203,은평구,불광2동,6.038370919,2.322450353,1.439919219,0.836082127,0.836082127,0.046449007,104,23,402,72,0.09895658,116.3547627,8.360821272,1.068327163,0.371592057
204,은평구,응암3동,2.756647593,1.060249074,0.657354426,0.381689667,0.381689667,0.021204981,67,38,472,57,0.04517583,53.11847863,3.816896668,0.487714574,0.169639852
205,은평구,역촌동,5.075732077,1.952204645,1.21036688,0.702793672,0.702793672,0.039044093,124,21,411,46,0.083180894,97.80545271,7.027936722,0.898014137,0.312352743
207,서대문구,천연동,6.492342598,1.430516166,0.990357345,0.770277935,0.385138968,0.055019853,52,8,189,44,0.113807369,148.8287011,6.932501418,1.155416903,0.22007941
208,서대문구,홍제1동,8.23255814,1.813953488,1.255813953,0.976744186,0.488372093,0.069767442,59,16,176,43,0.144312437,188.7209302,8.790697674,1.465116279,0.279069767
209,서대문구,홍제3동,5.421440726,1.194554736,0.826999433,0.643221781,0.321610891,0.045944413,34,16,203,32,0.095035019,124.279637,5.788996029,0.964832672,0.183777652
210,서대문구,홍제2동,7.027793534,1.54849688,1.072036302,0.833806012,0.416903006,0.059557572,37,9,104,23,0.123193544,161.1032331,7.504254112,1.250709019,0.238230289
211,서대문구,홍은1동,10.57515598,2.330119115,1.613159387,1.254679524,0.627339762,0.089619966,49,7,185,19,0.185376951,242.4220079,11.29211571,1.882019285,0.358479864
212,서대문구,홍은2동,13.7878616,3.038003403,2.103233125,1.635847986,0.817923993,0.116846285,63,12,235,21,0.241694,316.0692002,14.72263188,2.45377198,0.467385139
213,서대문구,남가좌1동,3.413499716,0.752127056,0.520703347,0.404991492,0.202495746,0.028927964,7,3,121,24,0.059836864,78.2501418,3.644923426,0.607487238,0.115711855
214,서대문구,남가좌2동,5.153715258,1.135564379,0.786159955,0.611457742,0.305728871,0.043675553,36,16,239,26,0.090341932,118.142371,5.503119682,0.917186614,0.174702212
215,서대문구,북가좌1동,3.681225184,0.811117413,0.561542825,0.43675553,0.218377765,0.031196824,29,3,54,23,0.064529951,84.38740783,3.930799773,0.655133296,0.124787294
216,서대문구,북가좌2동,5.622234827,1.238797504,0.857629041,0.66704481,0.333522405,0.047646058,67,15,240,43,0.098554835,128.8825865,6.00340329,1.000567215,0.190584231
217,서대문구,충현동,7.496313103,1.651730006,1.143505389,0.88939308,0.44469654,0.063528077,58,21,544,51,0.131406447,171.8434487,8.00453772,1.33408962,0.254112309
218,서대문구,북아현동,3.078842881,0.678389109,0.469653999,0.365286444,0.182643222,0.026091889,37,4,140,20,0.053970505,70.57855927,3.287577992,0.547929665,0.104367555
219,서대문구,신촌동,17.60294952,3.878615995,2.685195689,2.088485536,1.044242768,0.149177538,165,150,2187,137,0.308570495,403.5252411,18.79636982,3.132728304,0.596710153
220,서대문구,연희동,20.41406693,4.498014748,3.11401021,2.422007941,1.211003971,0.173000567,80,14,399,38,0.357847912,467.9665343,21.79807147,3.633011912,0.692002269
222,마포구,용강동,5.001257862,0.986163522,0.774842767,0.493081761,0.316981132,0.035220126,53,23,291,24,0.077024884,61.38867925,6.093081761,1.444025157,0.211320755
223,마포구,대흥동,5.239412998,1.03312369,0.811740042,0.516561845,0.332075472,0.036897275,76,35,350,83,0.080692735,64.31194969,6.383228512,1.51278826,0.221383648
224,마포구,염리동,2.560167715,0.504821803,0.396645702,0.252410901,0.162264151,0.01802935,29,7,138,13,0.039429405,31.42515723,3.119077568,0.739203354,0.108176101
225,마포구,신수동,4.644025157,0.91572327,0.719496855,0.457861635,0.294339623,0.032704403,41,9,154,22,0.071523106,57.00377358,5.657861635,1.340880503,0.196226415
226,마포구,서교동,9.823899371,1.937106918,1.522012579,0.968553459,0.622641509,0.06918239,232,116,2463,162,0.151298879,120.5849057,11.96855346,2.836477987,0.41509434
227,마포구,합정동,10.24067086,2.019287212,1.586582809,1.009643606,0.649056604,0.0721174,33,10,414,22,0.157717619,125.7006289,12.47631027,2.956813417,0.432704403
228,마포구,망원1동,6.7278826,1.326624738,1.042348008,0.663312369,0.426415094,0.047379455,27,14,293,35,0.103616808,82.58238994,8.196645702,1.942557652,0.28427673
229,마포구,망원2동,3.989098532,0.786582809,0.61802935,0.393291405,0.252830189,0.028092243,49,11,185,12,0.061436514,48.96477987,4.859958071,1.151781971,0.168553459
230,마포구,연남동,3.81048218,0.751362683,0.590356394,0.375681342,0.241509434,0.026834382,24,7,480,12,0.058685626,46.77232704,4.642348008,1.100209644,0.161006289
231,마포구,성산1동,4.763102725,0.939203354,0.737945493,0.469601677,0.301886792,0.033542977,45,4,177,13,0.073357032,58.46540881,5.80293501,1.375262055,0.201257862
232,마포구,성산2동,12.3245283,2.430188679,1.909433962,1.21509434,0.781132075,0.086792453,100,8,235,36,0.189811321,151.2792453,15.01509434,3.558490566,0.520754717
233,마포구,상암동,50.01257862,9.86163522,7.748427673,4.93081761,3.169811321,0.352201258,70,11,447,43,0.770248838,613.8867925,60.93081761,14.44025157,2.113207547
234,마포구,도화동,3.691404612,0.7278826,0.571907757,0.3639413,0.233962264,0.025995807,49,19,320,61,0.0568517,45.31069182,4.497274633,1.065828092,0.155974843
235,마포구,서강동,8.63312369,1.70230608,1.337526205,0.85115304,0.547169811,0.060796646,84,17,557,25,0.132959621,105.9685535,10.51781971,2.492662474,0.364779874
236,마포구,공덕동,6.013417191,1.185744235,0.931656184,0.592872117,0.381132075,0.042348008,52,21,207,33,0.092613253,73.81257862,7.326205451,1.736268344,0.25408805
237,마포구,아현동,4.524947589,0.892243187,0.701048218,0.446121593,0.286792453,0.031865828,43,6,305,54,0.069689181,55.54213836,5.51278826,1.306498952,0.191194969
239,양천구,목1동,9.799540494,4.049396898,2.429638139,1.538770821,1.133831132,0,289,70,749,130,0.155901781,202.307869,15.95462378,2.834577829,0.728891442
240,양천구,목2동,7.158529581,2.958070075,1.774842045,1.124066628,0.828259621,0,56,17,161,16,0.113885698,147.7851809,11.65479609,2.070649052,0.532452613
241,양천구,목3동,3.683515221,1.522113728,0.913268237,0.578403217,0.426191844,0,52,28,167,41,0.058601379,76.04480184,5.997128087,1.065479609,0.273980471
242,양천구,목4동,3.96151637,1.636990235,0.982194141,0.622056289,0.458357266,0,100,17,202,31,0.063024124,81.78403217,6.449741528,1.145893165,0.294658242
243,양천구,신월1동,4.517518667,1.866743251,1.120045951,0.709362435,0.52268811,0,50,17,204,11,0.071869615,93.26249282,7.354968409,1.306720276,0.336013785
244,양천구,신월2동,4.239517519,1.751866743,1.051120046,0.665709362,0.490522688,0,57,6,75,13,0.06744687,87.52326249,6.902354968,1.22630672,0.315336014
245,양천구,신월3동,6.046524986,2.498564044,1.499138426,0.949454337,0.699597932,0,32,3,87,12,0.096194716,124.8282596,9.844342332,1.748994831,0.449741528
246,양천구,신월4동,3.614014934,1.493394601,0.89603676,0.567489948,0.418150488,0,57,9,131,15,0.057495692,74.60999426,5.883974727,1.045376221,0.268811028
247,양천구,신월5동,4.795519816,1.981619759,1.188971855,0.753015508,0.554853532,0,53,17,142,14,0.076292361,99.00172315,7.80758185,1.387133831,0.356691557
248,양천구,신월6동,2.849511775,1.177484204,0.706490523,0.447443998,0.329695577,0,16,9,68,8,0.045333142,58.82711086,4.639287766,0.824238943,0.211947157
249,양천구,신월7동,8.270534176,3.417576106,2.050545663,1.29867892,0.95692131,0,51,14,124,16,0.13157668,170.7421022,13.46524986,2.392303274,0.615163699
250,양천구,신정1동,4.865020103,2.010338886,1.206203331,0.763928777,0.562894888,0,59,10,154,21,0.077398047,100.4365307,7.92073521,1.40723722,0.361860999
251,양천구,신정2동,3.614014934,1.493394601,0.89603676,0.567489948,0.418150488,0,176,7,182,39,0.057495692,74.60999426,5.883974727,1.045376221,0.268811028
252,양천구,신정3동,18.90407812,7.811602527,4.686961516,2.96840896,2.187248708,0,122,23,195,39,0.300746697,390.2676623,30.77771396,5.468121769,1.406088455
253,양천구,신정6동,6.67202757,2.757036186,1.654221712,1.047673751,0.771970132,0,110,1,74,17,0.106145893,137.7415279,10.86272257,1.92992533,0.496266513
254,양천구,신정7동,8.40953475,3.47501436,2.085008616,1.320505457,0.973004021,0,79,11,117,26,0.133788053,173.6117174,13.69155658,2.432510052,0.625502585
255,양천구,목5동,12.57955198,5.198161976,3.118897186,1.975301551,1.455485353,0,356,11,164,25,0.200129236,259.7001723,20.48075818,3.638713383,0.935669156
256,양천구,신정4동,7.019529006,2.900631821,1.740379092,1.102240092,0.81217691,0,166,88,475,102,0.111674325,144.9155658,11.42848937,2.030442275,0.522113728
258,강서구,염창동,7.138030888,1.931467181,1.511583012,0.881756757,0.965733591,0.041988417,144,32,219,41,0.08110154,50.47007722,10.53909266,1.133687259,0.377895753
259,강서구,등촌1동,2.420366795,0.65492278,0.512548263,0.298986486,0.32746139,0.014237452,68,32,331,71,0.027499948,17.11341699,3.573600386,0.384411197,0.128137066
260,강서구,등촌2동,3.774131274,1.021235521,0.799227799,0.466216216,0.510617761,0.022200772,42,6,90,10,0.042881274,26.68532819,5.572393822,0.599420849,0.19980695
261,강서구,등촌3동,3.240830116,0.876930502,0.686293436,0.400337838,0.438465251,0.019063707,191,56,524,102,0.036821964,22.91457529,4.784990347,0.514720077,0.171573359
262,강서구,화곡본동,4.553571429,1.232142857,0.964285714,0.5625,0.616071429,0.026785714,69,21,179,27,0.051737189,32.19642857,6.723214286,0.723214286,0.241071429
263,강서구,화곡2동,1.928088803,0.521718147,0.408301158,0.238175676,0.260859073,0.011341699,47,9,55,10,0.021906738,13.63272201,2.846766409,0.306225869,0.10207529
264,강서구,화곡3동,2.092181467,0.566119691,0.443050193,0.258445946,0.283059846,0.01230695,110,37,206,35,0.023771141,14.79295367,3.089044402,0.332287645,0.110762548
265,강서구,화곡4동,3.363899614,0.91023166,0.712355212,0.415540541,0.45511583,0.019787645,58,40,205,20,0.038220266,23.78474903,4.966698842,0.534266409,0.178088803
266,강서구,화곡6동,4.594594595,1.243243243,0.972972973,0.567567568,0.621621622,0.027027027,69,136,681,55,0.05220329,32.48648649,6.783783784,0.72972973,0.243243243
267,강서구,화곡8동,2.174227799,0.588320463,0.46042471,0.268581081,0.294160232,0.012789575,43,26,170,39,0.024703343,15.3730695,3.210183398,0.345318533,0.115106178
268,강서구,가양1동,19.28088803,5.217181467,4.083011583,2.381756757,2.608590734,0.113416988,77,46,976,49,0.219067379,136.3272201,28.46766409,3.062258687,1.020752896
269,강서구,가양2동,4.102316602,1.11003861,0.868725869,0.506756757,0.555019305,0.024131274,14,13,102,45,0.046610081,29.00579151,6.056949807,0.651544402,0.217181467
270,강서구,가양3동,4.061293436,1.098938224,0.86003861,0.501689189,0.549469112,0.023889961,33,,63,14,0.04614398,28.71573359,5.996380309,0.645028958,0.215009653
271,강서구,발산1동,12.14285714,3.285714286,2.571428571,1.5,1.642857143,0.071428571,164,40,356,67,0.137965839,85.85714286,17.92857143,1.928571429,0.642857143
272,강서구,공항동,44.59218147,12.06611969,9.443050193,5.508445946,6.033059846,0.26230695,31,33,301,25,0.506651576,315.2929537,65.8390444,7.082287645,2.360762548
273,강서구,방화1동,4.266409266,1.154440154,0.903474903,0.527027027,0.577220077,0.025096525,81,35,333,63,0.048474484,30.16602317,6.299227799,0.677606178,0.225868726
274,강서구,방화2동,26.29584942,7.11534749,5.568532819,3.248310811,3.557673745,0.154681467,47,35,285,9,0.298770617,185.9271236,38.82504826,4.176399614,1.392133205
275,강서구,방화3동,9.763513514,2.641891892,2.067567568,1.206081081,1.320945946,0.057432432,27,4,79,10,0.110931992,69.03378378,14.41554054,1.550675676,0.516891892
276,강서구,화곡1동,4.594594595,1.243243243,0.972972973,0.567567568,0.621621622,0.027027027,74,58,430,55,0.05220329,32.48648649,6.783783784,0.72972973,0.243243243
277,강서구,우장산동,5.579150579,1.50965251,1.181467181,0.689189189,0.754826255,0.032818533,109,18,182,60,0.06338971,39.44787645,8.237451737,0.886100386,0.295366795
279,구로구,신도림동,7.598409543,2.776341948,1.753479125,0.949801193,1.022862823,0.14612326,130,17,360,42,0.151602883,200.6272366,16.00049702,2.630218688,0.803677932
280,구로구,구로1동,5.272365805,1.926441352,1.216699801,0.659045726,0.709741551,0.10139165,62,6,101,22,0.105193837,139.2107356,11.10238569,1.825049702,0.557654076
281,구로구,구로3동,5.272365805,1.926441352,1.216699801,0.659045726,0.709741551,0.10139165,107,69,801,57,0.105193837,139.2107356,11.10238569,1.825049702,0.557654076
282,구로구,구로4동,2.377733598,0.868787276,0.548707753,0.2972167,0.320079523,0.045725646,72,43,362,39,0.047440358,62.78131213,5.00695825,0.82306163,0.251491054
283,구로구,구로5동,5.324055666,1.945328032,1.228628231,0.665506958,0.716699801,0.102385686,81,40,459,38,0.106225149,140.5755467,11.2112326,1.842942346,0.563121272
284,구로구,고척1동,5.996023857,2.190854871,1.383697813,0.749502982,0.807157058,0.115308151,40,38,278,26,0.119632207,158.3180915,12.62624254,2.07554672,0.634194831
285,구로구,고척2동,5.272365805,1.926441352,1.216699801,0.659045726,0.709741551,0.10139165,105,15,151,25,0.105193837,139.2107356,11.10238569,1.825049702,0.557654076
286,구로구,개봉2동,4.135188867,1.510934394,0.954274354,0.516898608,0.55666004,0.079522863,84,12,148,26,0.08250497,109.1848907,8.707753479,1.431411531,0.437375746
287,구로구,개봉3동,4.186878728,1.529821074,0.966202783,0.523359841,0.56361829,0.080516899,33,4,108,14,0.083536282,110.5497018,8.816600398,1.449304175,0.442842942
288,구로구,오류1동,3.049701789,1.114314115,0.703777336,0.381212724,0.410536779,0.058648111,53,24,175,34,0.060847416,80.52385686,6.421968191,1.055666004,0.322564612
289,구로구,오류2동,23.77733598,8.687872763,5.487077535,2.972166998,3.200795229,0.457256461,160,22,249,36,0.474403579,627.8131213,50.0695825,8.230616302,2.514910537
290,구로구,수궁동,13.80119284,5.042743539,3.184890656,1.725149105,1.857852883,0.265407555,45,19,152,11,0.275360338,364.4045726,29.06212724,4.777335984,1.459741551
291,구로구,가리봉동,2.067594433,0.755467197,0.477137177,0.258449304,0.27833002,0.039761431,23,52,240,8,0.041252485,54.59244533,4.35387674,0.715705765,0.218687873
292,구로구,구로2동,9.097415507,3.324055666,2.099403579,1.137176938,1.224652087,0.174950298,61,41,528,49,0.181510934,240.2067594,19.15705765,3.149105368,0.96222664
293,구로구,개봉1동,6.771371769,2.47415507,1.562624254,0.846421471,0.911530815,0.130218688,84,36,280,24,0.135101889,178.7902584,14.25894632,2.343936382,0.716202783
295,금천구,가산동,10.64516129,3.677419355,3.483870968,1.741935484,1.161290323,0,94,63,936,58,0.382258065,295.3548387,16.4516129,2.516129032,0.774193548
296,금천구,독산1동,8.828725038,3.049923195,2.889400922,1.444700461,0.963133641,0,95,29,361,26,0.31703149,244.9569892,13.64439324,2.086789555,0.642089094
297,금천구,독산2동,2.534562212,0.875576037,0.829493088,0.414746544,0.276497696,0,52,22,139,22,0.091013825,70.32258065,3.917050691,0.599078341,0.184331797
298,금천구,독산3동,3.886328725,1.342549923,1.271889401,0.6359447,0.423963134,0,44,21,259,22,0.139554531,107.827957,6.006144393,0.91858679,0.282642089
299,금천구,독산4동,2.492319508,0.860983103,0.815668203,0.407834101,0.271889401,0,36,18,165,7,0.089496928,69.15053763,3.851766513,0.589093702,0.181259601
300,금천구,시흥1동,7.223502304,2.495391705,2.3640553,1.18202765,0.788018433,0,128,77,589,59,0.259389401,200.4193548,11.16359447,1.707373272,0.525345622
301,금천구,시흥2동,5.322580645,1.838709677,1.741935484,0.870967742,0.580645161,0,72,2,52,25,0.191129032,147.6774194,8.225806452,1.258064516,0.387096774
302,금천구,시흥3동,4.519969278,1.561443932,1.479262673,0.739631336,0.493087558,0,24,15,139,9,0.162307988,125.4086022,6.985407066,1.068356375,0.328725038
303,금천구,시흥4동,3.675115207,1.269585253,1.202764977,0.601382488,0.400921659,0,83,12,115,45,0.131970046,101.9677419,5.679723502,0.868663594,0.267281106
304,금천구,시흥5동,5.871735791,2.028417819,1.921658986,0.960829493,0.640552995,0,73,35,182,31,0.210848694,162.9139785,9.074500768,1.387864823,0.42703533
306,영등포구,여의동,36.95315682,14.02851324,7.869653768,3.763747454,3.079429735,0,123,53,1577,162,0.81857788,629.2301426,70.14256619,11.97556008,1.710794297
307,영등포구,당산1동,3.299389002,1.252545825,0.702647658,0.33604888,0.274949084,0,53,35,439,38,0.073087311,56.18126273,6.262729124,1.069246436,0.152749491
308,영등포구,당산2동,6.818737271,2.588594705,1.452138493,0.694501018,0.568228106,0,79,35,342,67,0.151047109,116.107943,12.94297352,2.209775967,0.315682281
309,영등포구,양평1동,3.871283096,1.469653768,0.824439919,0.394297352,0.322606925,0,59,20,350,26,0.085755778,65.91934827,7.348268839,1.254582485,0.179226069
310,영등포구,양평2동,13.19755601,5.010183299,2.810590631,1.344195519,1.099796334,0,75,28,383,23,0.292349243,224.7250509,25.0509165,4.276985743,0.610997963
311,영등포구,신길1동,2.903462322,1.102240326,0.618329939,0.295723014,0.241955193,0,44,32,160,21,0.064316833,49.4395112,5.511201629,0.940936864,0.134419552
312,영등포구,신길3동,2.287576375,0.868431772,0.487169043,0.23299389,0.190631365,0,25,19,135,35,0.050673869,38.95234216,4.342158859,0.741344196,0.105906314
313,영등포구,신길4동,1.539714868,0.584521385,0.32790224,0.156822811,0.128309572,0,17,1,56,6,0.034107412,26.21792261,2.922606925,0.49898167,0.071283096
314,영등포구,신길5동,2.067617108,0.784928717,0.440325866,0.210590631,0.172301426,0,13,12,57,6,0.045801381,35.20692464,3.924643585,0.6700611,0.095723014
315,영등포구,신길6동,2.991446029,1.135641548,0.63706721,0.304684318,0.249287169,0,40,12,156,22,0.066265828,50.93767821,5.678207739,0.969450102,0.138492872
316,영등포구,신길7동,2.815478615,1.068839104,0.599592668,0.286761711,0.234623218,0,28,6,71,7,0.062367838,47.9413442,5.344195519,0.912423625,0.130346232
317,영등포구,대림1동,2.155600815,0.818329939,0.459063136,0.219551935,0.179633401,0,28,15,160,21,0.047750376,36.70509165,4.091649695,0.698574338,0.099796334
318,영등포구,대림2동,2.419551935,0.918533605,0.515274949,0.246435845,0.201629328,0,23,31,259,23,0.053597361,41.19959267,4.592668024,0.784114053,0.112016293
319,영등포구,대림3동,4.179226069,1.586558045,0.890020367,0.425661914,0.348268839,0,73,57,292,26,0.09257726,71.16293279,7.932790224,1.354378819,0.193482688
320,영등포구,영등포본동,4.487169043,1.703462322,0.955600815,0.457026477,0.373930754,0,42,30,285,27,0.099398743,76.40651731,8.517311609,1.454175153,0.207739308
321,영등포구,영등포동,5.542973523,2.104276986,1.180448065,0.564562118,0.46191446,0,129,109,1188,154,0.122786682,94.38452138,10.52138493,1.796334012,0.256619145
322,영등포구,도림동,3.915274949,1.486354379,0.833808554,0.398778004,0.326272912,0,47,15,118,17,0.086730275,66.66843177,7.431771894,1.268839104,0.181262729
323,영등포구,문래동,6.554786151,2.488391039,1.39592668,0.667617108,0.546232179,0,86,19,453,53,0.145200124,111.613442,12.44195519,2.124236253,0.303462322
325,동작구,노량진2동,3.053211009,1.33088685,0.822018349,0.626299694,0.274006116,0.078287462,43,17,147,19,0.07658556,70.14556575,6.106422018,1.096024465,0.234862385
326,동작구,상도1동,7.203669725,3.140061162,1.939449541,1.477675841,0.64648318,0.18470948,75,29,268,44,0.180694057,165.4996942,14.40733945,2.585932722,0.55412844
327,동작구,상도2동,4.675229358,2.037920489,1.258715596,0.959021407,0.419571865,0.119877676,113,28,217,58,0.117271639,107.4103976,9.350458716,1.678287462,0.359633028
328,동작구,상도3동,2.862385321,1.247706422,0.770642202,0.587155963,0.256880734,0.073394495,39,16,131,25,0.071798963,65.76146789,5.724770642,1.027522936,0.220183486
329,동작구,상도4동,3.577981651,1.559633028,0.963302752,0.733944954,0.321100917,0.091743119,68,14,142,20,0.089748704,82.20183486,7.155963303,1.28440367,0.275229358
330,동작구,사당1동,3.768807339,1.642813456,1.014678899,0.773088685,0.3382263,0.096636086,40,27,293,43,0.094535301,86.58593272,7.537614679,1.352905199,0.289908257
331,동작구,사당3동,4.388990826,1.913149847,1.181651376,0.90030581,0.393883792,0.112538226,53,10,128,19,0.110091743,100.8342508,8.777981651,1.575535168,0.337614679
332,동작구,사당4동,1.812844037,0.790214067,0.488073394,0.371865443,0.162691131,0.04648318,22,7,83,22,0.045472677,41.64892966,3.625688073,0.650764526,0.139449541
333,동작구,사당5동,2.719266055,1.185321101,0.732110092,0.557798165,0.244036697,0.069724771,31,5,52,4,0.068209015,62.4733945,5.43853211,0.976146789,0.209174312
334,동작구,대방동,7.394495413,3.22324159,1.990825688,1.516819572,0.663608563,0.189602446,199,22,271,71,0.185480654,169.883792,14.78899083,2.654434251,0.568807339
335,동작구,신대방1동,2.957798165,1.289296636,0.796330275,0.606727829,0.265443425,0.075840979,51,12,123,25,0.074192262,67.95351682,5.91559633,1.0617737,0.227522936
336,동작구,신대방2동,4.913761468,2.141896024,1.32293578,1.00795107,0.440978593,0.125993884,53,25,200,28,0.123254886,112.8905199,9.827522936,1.763914373,0.377981651
337,동작구,흑석동,8.014678899,3.493577982,2.157798165,1.644036697,0.719266055,0.205504587,53,11,277,33,0.201037096,184.1321101,16.0293578,2.87706422,0.616513761
338,동작구,노량진1동,7.537614679,3.285626911,2.029357798,1.54617737,0.676452599,0.193272171,160,29,355,22,0.189070602,173.1718654,15.07522936,2.705810398,0.579816514
339,동작구,사당2동,13.11926606,5.718654434,3.532110092,2.691131498,1.177370031,0.336391437,50,37,309,60,0.32907858,301.4067278,26.23853211,4.709480122,1.009174312
341,관악구,보라매동,2.827189719,0.92526209,0.565437944,0.411227596,0.43692932,0.051403449,60,30,262,22,0.057800944,82.83665878,3.444031113,0.745350017,0.128508624
342,관악구,청림동,1.115995942,0.365235036,0.223199188,0.162326682,0.1724721,0.020290835,50,6,54,13,0.022816162,32.6986811,1.359485966,0.294217112,0.050727088
343,관악구,행운동,2.67839026,0.876564085,0.535678052,0.389584038,0.41393304,0.048698005,79,22,255,41,0.054758789,78.47683463,3.262766317,0.706121069,0.121745012
344,관악구,낙성대동,8.444369293,2.763611769,1.688873859,1.228271897,1.305038891,0.153533987,43,32,396,31,0.172642293,247.4200203,10.28677714,2.226242814,0.383834968
345,관악구,중앙동,1.450794724,0.474805546,0.290158945,0.211024687,0.22421373,0.026378086,36,17,195,44,0.029661011,42.50828542,1.767331755,0.382482246,0.065945215
346,관악구,인헌동,4.017585391,1.314846128,0.803517078,0.584376057,0.62089956,0.073047007,77,31,215,41,0.082138184,117.7152519,4.894149476,1.059181603,0.182617518
347,관악구,남현동,12.16435577,3.981061887,2.432871153,1.769360839,1.879945891,0.221170105,48,29,219,22,0.248696167,356.4156239,14.81839702,3.20696652,0.552925262
348,관악구,서원동,2.417991207,0.791342577,0.483598241,0.351707812,0.37368955,0.043963476,55,54,267,27,0.049435018,70.84714237,2.945552925,0.637470409,0.109908691
349,관악구,신원동,2.04599256,0.669597565,0.409198512,0.297598918,0.31619885,0.037199865,39,17,139,17,0.041829631,59.94758201,2.492390937,0.539398039,0.092999662
350,관악구,서림동,3.682786608,1.205275617,0.736557322,0.535678052,0.56915793,0.066959757,52,16,134,18,0.075293335,107.9056476,4.486303686,0.970916469,0.167399391
351,관악구,신사동(관악),2.380791343,0.779168076,0.476158269,0.346296923,0.36794048,0.043287115,,,,,0.048674479,69.75718634,2.900236726,0.627663172,0.108217788
352,관악구,신림동,2.008792695,0.657423064,0.401758539,0.292188028,0.31044978,0.036523504,36,86,374,38,0.041069092,58.85762597,2.447074738,0.529590801,0.091308759
353,관악구,난향동,2.975989178,0.973960095,0.595197836,0.432871153,0.4599256,0.054108894,35,5,48,14,0.060843099,87.19648292,3.625295908,0.784578965,0.135272235
354,관악구,조원동,2.492390937,0.815691579,0.498478187,0.362529591,0.38518769,0.045316199,69,41,309,28,0.050956095,73.02705445,3.036185323,0.657084883,0.113290497
355,관악구,대학동,30.87588772,10.10483598,6.175177545,4.491038214,4.771728103,0.561379777,82,39,389,22,0.631247151,904.6635103,37.61244505,8.140006764,1.403449442
356,관악구,은천동,2.901589449,0.949611092,0.58031789,0.422049374,0.44842746,0.052756172,115,28,270,35,0.059322021,85.01657085,3.53466351,0.764964491,0.131890429
357,관악구,성현동,2.529590801,0.82786608,0.50591816,0.36794048,0.39093676,0.04599256,117,14,85,29,0.051716634,74.11701048,3.081501522,0.66689212,0.1149814
358,관악구,청룡동,4.389584038,1.43659114,0.877916808,0.638484951,0.67839026,0.079810619,79,35,322,39,0.089743571,128.6148123,5.347311464,1.157253974,0.199526547
359,관악구,난곡동,3.571187014,1.168752114,0.714237403,0.519445384,0.55191072,0.064930673,53,18,91,29,0.073011719,104.6357795,4.35035509,0.941494758,0.162326682
360,관악구,삼성동,9.895164018,3.238417315,1.979032804,1.439296584,1.529252621,0.179912073,57,5,142,17,0.202303304,289.9283057,12.05410889,2.608725059,0.449780183
361,관악구,미성동,5.133581332,1.680081163,1.026716266,0.746702739,0.79337166,0.093337842,82,17,178,30,0.104954346,150.413933,6.253635441,1.353398715,0.233344606
363,서초구,서초1동,5.349936143,0.785866326,0.72541507,0.453384419,0.332481907,0.030225628,93,40,391,69,0.06064838,56.46147297,4.594295445,1.299702001,0.211579395
364,서초구,서초2동,4.671775223,0.686249468,0.633461047,0.395913155,0.290336313,0.02639421,91,49,617,91,0.052960557,49.30438484,4.011919966,1.134951043,0.184759472
365,서초구,서초3동,11.03895275,1.621541081,1.496807152,0.93550447,0.686036611,0.062366965,165,113,1059,122,0.12514067,116.50149,9.479778629,2.681779481,0.436568753
366,서초구,서초4동,3.315453384,0.487015751,0.449553001,0.280970626,0.206045126,0.018731375,200,77,965,312,0.037584911,34.9902086,2.847169008,0.805449127,0.131119625
367,서초구,잠원동,6.630906769,0.974031503,0.899106003,0.561941252,0.412090251,0.03746275,124,45,481,97,0.075169822,69.9804172,5.694338016,1.610898255,0.262239251
368,서초구,반포본동,3.805236271,0.55896126,0.51596424,0.32247765,0.23648361,0.02149851,110,2,123,18,0.043137228,40.15921669,3.267773521,0.92443593,0.15048957
369,서초구,반포1동,3.767560664,0.55342699,0.510855683,0.319284802,0.234142188,0.021285653,78,39,310,121,0.042710126,39.76160068,3.235419327,0.915283099,0.148999574
370,서초구,반포2동,5.086206897,0.747126437,0.689655172,0.431034483,0.316091954,0.028735632,98,4,84,42,0.057658671,53.67816092,4.367816092,1.235632184,0.201149425
371,서초구,반포3동,4.82247765,0.708386547,0.653895275,0.408684547,0.299702001,0.027245636,161,12,207,107,0.054668962,50.89484887,4.141336739,1.171562367,0.190719455
372,서초구,반포4동,5.38761175,0.791400596,0.730523627,0.456577267,0.334823329,0.030438484,225,28,779,88,0.061075481,56.85908897,4.626649638,1.308854832,0.213069391
373,서초구,방배본동,2.524265645,0.370796083,0.342273308,0.213920817,0.156875266,0.014261388,98,30,319,48,0.028615785,26.64027246,2.167730949,0.613239676,0.099829715
374,서초구,방배1동,2.637292465,0.387398893,0.357598978,0.223499361,0.163899532,0.014899957,119,45,332,67,0.029897088,27.83312048,2.264793529,0.640698169,0.104299702
375,서초구,방배2동,7.271392082,1.068114091,0.985951469,0.616219668,0.451894423,0.041081311,109,35,429,43,0.082430544,76.73988931,6.244359302,1.766496381,0.287569178
376,서초구,방배3동,9.042145594,1.328224777,1.22605364,0.766283525,0.561941252,0.051085568,83,8,129,27,0.102504303,95.42784163,7.765006386,2.196679438,0.357598978
377,서초구,방배4동,3.692209451,0.54235845,0.50063857,0.312899106,0.229459344,0.02085994,141,38,361,127,0.041855924,38.96636867,3.170710941,0.896977437,0.146019583
378,서초구,양재1동,21.70114943,3.187739464,2.942528736,1.83908046,1.348659004,0.122605364,112,42,578,70,0.246010328,229.0268199,18.63601533,5.272030651,0.858237548
379,서초구,양재2동,28.55810983,4.194976586,3.872286079,2.420178799,1.774797786,0.161345253,73,62,677,28,0.323742758,301.3929332,24.5244785,6.937845892,1.129416773
380,서초구,내곡동,47.77266922,7.017454236,6.477650064,4.04853129,2.968922946,0.269902086,23,3,97,18,0.541564403,504.1770966,41.02511707,11.6057897,1.889314602
382,강남구,신사동(강남),7.416455696,1.913924051,1.483291139,1.14835443,1.004810127,0.095696203,,,,,0.087634838,227.6612658,9.330379747,1.674683544,0.622025316
383,강남구,논현1동,4.905063291,1.265822785,0.981012658,0.759493671,0.664556962,0.063291139,130,111,1036,269,0.057959549,150.5696203,6.170886076,1.107594937,0.411392405
384,강남구,논현2동,5.76835443,1.488607595,1.153670886,0.893164557,0.781518987,0.07443038,99,94,1073,209,0.068160429,177.0698734,7.256962025,1.302531646,0.483797468
385,강남구,삼성1동,7.612658228,1.964556962,1.522531646,1.178734177,1.031392405,0.098227848,42,44,995,79,0.08995322,233.6840506,9.57721519,1.718987342,0.638481013
386,강남구,삼성2동,4.865822785,1.255696203,0.973164557,0.753417722,0.659240506,0.06278481,90,35,509,101,0.057495872,149.3650633,6.121518987,1.098734177,0.408101266
387,강남구,대치1동,3.1,0.8,0.62,0.48,0.42,0.04,476,36,335,134,0.036630435,95.16,3.9,0.7,0.26
388,강남구,대치4동,2.864556962,0.739240506,0.572911392,0.443544304,0.388101266,0.036962025,777,150,1216,170,0.033848376,87.93265823,3.603797468,0.646835443,0.240253165
389,강남구,역삼1동,9.221518987,2.379746835,1.844303797,1.427848101,1.249367089,0.118987342,519,347,3996,586,0.108963952,283.0708861,11.60126582,2.082278481,0.773417722
390,강남구,역삼2동,4.512658228,1.164556962,0.902531646,0.698734177,0.611392405,0.058227848,88,37,626,108,0.053322785,138.5240506,5.67721519,1.018987342,0.378481013
391,강남구,도곡1동,4.002531646,1.032911392,0.800506329,0.619746835,0.542278481,0.05164557,100,19,270,104,0.047294992,122.8648101,5.035443038,0.903797468,0.335696203
392,강남구,도곡2동,4.002531646,1.032911392,0.800506329,0.619746835,0.542278481,0.05164557,160,29,487,94,0.047294992,122.8648101,5.035443038,0.903797468,0.335696203
393,강남구,개포1동,4.983544304,1.286075949,0.996708861,0.77164557,0.675189873,0.064303797,26,,20,6,0.058886901,152.9787342,6.269620253,1.125316456,0.417974684
394,강남구,개포4동,5.846835443,1.508860759,1.169367089,0.905316456,0.792151899,0.075443038,47,12,198,31,0.069087782,179.4789873,7.355696203,1.320253165,0.490379747
395,강남구,일원본동,10.12405063,2.612658228,2.024810127,1.567594937,1.37164557,0.130632911,62,3,91,29,0.119628509,310.7756962,12.73670886,2.286075949,0.849113924
396,강남구,일원1동,3.610126582,0.93164557,0.722025316,0.558987342,0.489113924,0.046582278,33,24,140,26,0.042658228,110.8192405,4.541772152,0.815189873,0.30278481
397,강남구,일원2동,4.865822785,1.255696203,0.973164557,0.753417722,0.659240506,0.06278481,39,4,71,33,0.057495872,149.3650633,6.121518987,1.098734177,0.408101266
398,강남구,수서동,5.611392405,1.448101266,1.122278481,0.868860759,0.760253165,0.072405063,37,9,224,32,0.066305724,172.2516456,7.059493671,1.267088608,0.470632911
399,강남구,세곡동,24.95696203,6.440506329,4.991392405,3.864303797,3.381265823,0.322025316,57,6,211,35,0.294898184,766.0982278,31.39746835,5.635443038,2.093164557
400,강남구,압구정동,9.927848101,2.562025316,1.98556962,1.53721519,1.345063291,0.128101266,246,79,1228,403,0.117310127,304.7529114,12.48987342,2.241772152,0.832658228
401,강남구,청담동,9.143037975,2.359493671,1.828607595,1.415696203,1.238734177,0.117974684,170,58,780,250,0.108036599,280.6617722,11.50253165,2.064556962,0.766835443
402,강남구,대치2동,7.848101266,2.025316456,1.569620253,1.215189873,1.063291139,0.101265823,471,73,902,99,0.092735278,240.9113924,9.873417722,1.772151899,0.658227848
403,강남구,개포2동,9.849367089,2.541772152,1.969873418,1.525063291,1.33443038,0.127088608,184,24,192,38,0.116382774,302.3437975,12.39113924,2.224050633,0.826075949
405,송파구,풍납1동,3.842043106,1.204901092,0.863891349,0.613817538,0.431945675,0.045467966,24,11,126,10,0.045616231,27.3489814,4.319456746,1.000295247,0.272807795
406,송파구,풍납2동,7.933569531,2.488042516,1.783879539,1.267493357,0.89193977,0.093888397,60,14,129,31,0.094194555,56.47387068,8.919397697,2.06554473,0.563330381
407,송파구,거여1동,2.544729849,0.798051373,0.572187777,0.406554473,0.286093888,0.030115146,38,15,98,6,0.030213348,18.11426041,2.860938884,0.662533215,0.180690877
408,송파구,거여2동,2.644523177,0.829347505,0.594626513,0.422497786,0.297313257,0.031296132,34,15,84,24,0.031398185,18.82462356,2.973132566,0.68851491,0.187776794
409,송파구,마천1동,2.894006495,0.907587836,0.650723354,0.462356067,0.325361677,0.034248598,27,13,93,9,0.034360278,20.60053144,3.25361677,0.753469147,0.205491585
410,송파구,마천2동,4.440803071,1.392677886,0.998523767,0.709477414,0.499261884,0.052553882,42,15,175,32,0.052725254,31.61116032,4.992618837,1.156185415,0.315323295
411,송파구,방이1동,2.494833186,0.782403307,0.560968409,0.398582817,0.280484204,0.029524653,105,15,224,30,0.029620929,17.75907883,2.804842043,0.649542368,0.177147919
412,송파구,방이2동,3.991733097,1.251845291,0.897549454,0.637732507,0.448774727,0.047239445,88,69,580,52,0.047393487,28.41452613,4.487747269,1.039267789,0.28343667
413,송파구,오륜동,15.8172424,4.960436965,3.556539711,2.527015058,1.778269855,0.187186301,7,1,47,13,0.187796691,112.5925598,17.78269855,4.118098612,1.123117803
414,송파구,오금동,8.232949513,2.581930912,1.851195748,1.315323295,0.925597874,0.097431355,154,25,249,31,0.097749066,58.60496014,9.255978742,2.143489814,0.584588131
415,송파구,송파1동,3.941836433,1.236197225,0.886330086,0.62976085,0.443165043,0.046648952,106,36,396,45,0.046801068,28.05934455,4.431650428,1.026276941,0.279893711
416,송파구,송파2동,2.644523177,0.829347505,0.594626513,0.422497786,0.297313257,0.031296132,76,2,97,33,0.031398185,18.82462356,2.973132566,0.68851491,0.187776794
417,송파구,석촌동,4.740183053,1.486566283,1.065839976,0.757307352,0.532919988,0.056096841,109,51,393,53,0.056279765,33.74224978,5.329199882,1.234130499,0.336581045
418,송파구,삼전동,4.740183053,1.486566283,1.065839976,0.757307352,0.532919988,0.056096841,128,32,299,47,0.056279765,33.74224978,5.329199882,1.234130499,0.336581045
419,송파구,가락본동,5.638323,1.768231473,1.267788603,0.900797166,0.633894302,0.066725716,63,93,470,44,0.0669433,40.13551816,6.338943017,1.467965751,0.400354296
420,송파구,가락1동,6.686152938,2.096840862,1.503395335,1.068201949,0.751697668,0.07912607,5,,65,6,0.07938409,47.59433127,7.516976676,1.740773546,0.474756422
421,송파구,가락2동,4.790079717,1.502214349,1.077059345,0.765279008,0.538529672,0.056687334,101,24,198,44,0.056872184,34.09743136,5.385296723,1.247121346,0.340124004
422,송파구,문정1동,2.794213168,0.876291704,0.628284618,0.446412755,0.314142309,0.033067611,59,22,205,19,0.033175441,19.89016829,3.141423088,0.727487452,0.198405669
423,송파구,문정2동,10.97726602,3.44257455,2.468260998,1.753764393,1.234130499,0.129908474,25,13,764,51,0.130332088,78.13994686,12.34130499,2.857986419,0.779450841
424,송파구,장지동,6.835842929,2.143785061,1.53705344,1.092116918,0.76852672,0.080897549,101,16,170,30,0.081161346,48.659876,7.685267198,1.779746088,0.485385297
425,송파구,위례동,12.72364925,3.990256864,2.860938884,2.032772365,1.430469442,0.150575731,17,,180,11,0.151066739,90.57130204,14.30469442,3.312666076,0.903454384
426,송파구,잠실본동,4.690286389,1.470918217,1.054620608,0.749335695,0.527310304,0.055506348,140,102,666,130,0.055687347,33.3870682,5.273103041,1.221139652,0.333038087
427,송파구,잠실4동,7.783879539,2.441098317,1.750221435,1.243578388,0.875110717,0.092116918,23,3,50,30,0.092417299,55.40832595,8.751107174,2.026572188,0.552701506
428,송파구,잠실6동,13.92116918,4.365810452,3.13020372,2.224092117,1.56510186,0.164747564,81,16,564,86,0.165284785,99.09565988,15.6510186,3.624446413,0.988485385
429,송파구,잠실7동,2.993799823,0.938883968,0.67316209,0.47829938,0.336581045,0.035429584,11,1,33,17,0.035545115,21.3108946,3.365810452,0.779450841,0.212577502
430,송파구,잠실2동,10.87747269,3.411278417,2.445822262,1.737821081,1.222911131,0.128727487,110,1,178,73,0.129147251,77.4295837,12.22911131,2.832004724,0.772364925
431,송파구,잠실3동,7.434602893,2.331561854,1.671685858,1.187776794,0.835842929,0.087983466,63,3,292,69,0.088270369,52.92205492,8.358429288,1.935636256,0.527900797
433,강동구,강일동,14.1195608,4.440829606,2.96055307,2.049613664,1.594143961,0.227734852,73,3,86,28,0.239121594,170.0040667,15.71370476,3.985359902,0.910939406
434,강동구,상일동,13.36315575,4.20292802,2.801952013,1.939812932,1.508743392,0.21553477,36,12,153,12,0.226311509,160.896706,14.87189915,3.771858479,0.862139081
435,강동구,명일1동,3.076047174,0.96746645,0.644977633,0.446522977,0.347295649,0.049613664,113,40,310,60,0.052094347,37.03660024,3.423342822,0.868239122,0.198454656
436,강동구,명일2동,4.891419276,1.538430256,1.025620171,0.710044734,0.552257015,0.078893859,152,20,124,26,0.082838552,58.89426596,5.443676291,1.380642538,0.315575437
437,강동구,고덕1동,8.723871492,2.743798292,1.829198861,1.266368442,0.984953233,0.140707605,36,5,99,9,0.147742985,105.0382269,9.708824725,2.462383083,0.562830419
438,강동구,고덕2동,10.13582757,3.187881253,2.125254168,1.471329809,1.144367629,0.16348109,21,10,86,4,0.171655144,122.0386336,11.2801952,2.860919073,0.653924359
439,강동구,암사2동,5.950386336,1.871492477,1.247661651,0.863765758,0.671817812,0.095973973,64,8,112,30,0.100772672,71.64457096,6.622204148,1.67954453,0.383895893
440,강동구,암사3동,12.65717771,3.980886539,2.653924359,1.837332249,1.429036194,0.204148028,77,3,62,32,0.214355429,152.3965026,14.08621391,3.572590484,0.816592111
441,강동구,천호1동,3.580317202,1.126067507,0.750711671,0.519723465,0.404229362,0.057747052,56,10,195,24,0.060634404,43.10817405,3.984546564,1.010573404,0.230988207
442,강동구,천호3동,3.983733225,1.252948353,0.835298902,0.578283855,0.449776332,0.064253762,52,59,435,65,0.06746645,47.9654331,4.433509557,1.12444083,0.257015047
443,강동구,성내1동,2.924766165,0.919886133,0.613257422,0.42456283,0.330215535,0.047173648,79,18,277,13,0.04953233,35.2151281,3.2549817,0.825538837,0.188694591
444,강동구,성내2동,3.378609191,1.062627084,0.708418056,0.49044327,0.381455876,0.054493697,84,58,480,49,0.057218381,40.67954453,3.760065067,0.953639691,0.217974786
445,강동구,성내3동,3.580317202,1.126067507,0.750711671,0.519723465,0.404229362,0.057747052,108,61,431,61,0.060634404,43.10817405,3.984546564,1.010573404,0.230988207
446,강동구,둔촌1동,4.639284262,1.459129728,0.972753152,0.67344449,0.523790159,0.074827166,10,1,7,3,0.078568524,55.85847906,5.16307442,1.309475397,0.299308662
447,강동구,둔촌2동,4.941846279,1.554290362,1.036193575,0.717364782,0.557950386,0.079707198,145,29,274,34,0.083692558,59.50142334,5.499796665,1.394875966,0.318828792
448,강동구,암사1동,5.14355429,1.617730785,1.07848719,0.746644978,0.580723871,0.082960553,112,41,348,33,0.087108581,61.93005287,5.724278162,1.451809679,0.331842212
449,강동구,천호2동,7.917039447,2.4900366,1.6600244,1.149247662,0.893859292,0.127694185,104,73,752,115,0.134078894,95.32370882,8.810898739,2.234648231,0.510776739
450,강동구,길동,10.94265962,3.441642944,2.29442863,1.58845059,1.23546157,0.17649451,263,109,796,107,0.185319235,131.7531517,12.17812119,3.088653924,0.70597804
